GPU	Manufacturer	Model	Core Clock	Mem Clock	Operating System	Driver Version	Mining Software	Power Consumption	Currency	Algorithm
RIGS	NVIDIA	13x ASUS GTX 1080 Ti			Windows 10		Claymore v10	1158	Ethereum	Ethash	464000000
RIGS	PANDAMINER	B1 Plus						1250	Ethereum	Ethash	237000000
RIGS	PANDAMINER	B3 Plus						1250	Ethereum	Ethash	220000000
RIGS	SAPPHIRE	6x RX570 Sapphire Nitro+ OC		1100	1900	Windows 10		Claymore 11.7	750	Ethereum	Ethash	176000000
RIGS	NVIDIA	Rig 6 x 1070 GTX EThereum, Zcash					166	Ethereum	Ethash	172000000
RIGS	PANDAMINER	B5 Plus					800	Ethereum	Ethash	110000000
RIGS	POWERCOLOR	2x Red Devil RX 570 8GB		1112	2040	Ubuntu 16.04	AMDGPU Pro 17.50	Claymore 17.3	301	Ethereum	Ethash	58300000
RIGS	ASUS	8x Vega RX64 REFERENT		Windows 7 x64	up-to-date	Cast XMR 0.9.2 or XMRCGPU with Win-speed.com OS tuneup	1320	Monero	Cryptonight	16720
RIGS	AMD	12 x Sapphire RX580 Nitro+ intensity 105, undervolt 980		1330	2190	Windows 10	Adrenalin 18.6.1	SRBMiner	1777	Monero	Cryptonight	12615
RIGS	AMD	12 x Sapphire RX580 Nitro+		1330	2190	Windows 10	Adrenalin 18.6.1	SRBMiner	1777	Monero	Cryptonight	12615
RIGS	AMD	6X SAPPHIRE VEGA 64 BLACK EDITION		Windows 10	XMR-STAK-AMD		1250	Monero	Cryptonight	11000
RIGS	MSI	10X RX 580 ARMOR OC 8GB					1500	Monero	Cryptonight	7380
RIGS	POWERCOLOR	4X POWERCOLOR RX VEGA 64		Windows 10		XMR-STAK-AMD	720	Monero	Cryptonight	6700
RIGS	SAPPHIRE	7 X SAPPHIRE RX 570 PULSE		Ubuntu 16.04		XMR-STAK-AMD	770	Monero	Cryptonight	5930
RIGS	AMD	3X RX VEGA 56 8GB (MSI, XFX, SAPPHIRE)		Windows 10		XMR-STAK-AMD	540	Monero	Cryptonight	5506
RIGS	AMD	3X VEGA 56		Windows 10		XMR-STAK-AMD	570	Monero	Cryptonight	5420
RIGS	AMD	XMR-STAK-AMD		Windows 10		3X VEGA56	550	Monero	Cryptonight	5100
RIGS	AMD	2X RX VEGA 64 LIQUID		Windows 10		XMR-STAK-AMD	320	Monero	Cryptonight	3980
RIGS	AMD	2X VEGA 56		Windows 10		XMR-STAK-AMD	400	Monero	Cryptonight	3700
RIGS	ASUS	6X RX 570 ASUS STRIX OC 4GB		Windows 10 pro		Claymore 9.7	830	Monero	Cryptonight	3447
RIGS	AMD	RX580 8GB + RX580 4GB + RX 470 4GB		Windows 10		WOLF'S XMR MINER	300	Monero	Cryptonight	2320
RIGS	POWERCOLOR	DEVIL13 2X R9 390		Windows 7 x64		CLAYMORE'S AMD GPU MINER V12.3	500	Zcash	Equihash	820
NVIDIA	ASUS	3090 RTX Strix		1095	10702	Windows 10	461.40	T-rex 0.19.9 cuda 11.1	328	Ravencoin	KawPow	45970000
NVIDIA	ASUS	RTX 3070				T-Rex 0.19.5	139	Ravencoin	KawPow	29000000
NVIDIA	GIGABYTE	3070		Windows 10		T rex 0.20	94	Ravencoin	KawPow	25000000
NVIDIA	ASUS	3090 RTX Strix		1095	10702	Windows 10	461.40	T-rex 0.19.9 cuda 11.1	327	Ethereum	Ethash	125250000
NVIDIA	MSI	RTX 3090		1575	1100	Windows 10	456.38	nicehash	300	Ethereum	Ethash	118486000
NVIDIA	ASUS	3090 RTX Strix		1095	10702	Windows 10	461.40	T-rex 0.19.9 cuda 11.1	331	Verge	Scrypt	132850000
NVIDIA	GIGABYTE	Gigabyte Eagle 3080 OC 10 G		-300	1350	Windows 10	466.11	Nanominer	234	Ethereum	Ethash	99300000
NVIDIA	NVIDIA	RTX 3080	2400			Hive OS miner21	230	Ethereum	Ethash	99000000
NVIDIA	NVIDIA	Tesla V100 16GB HBM2		1530	877	Windows 10	385.54	BBT-multiminer	250	Ethereum	Ethash	94800000
NVIDIA	PNY	Nvidia RTX A5000 16 gb	1750				230	Ethereum	Ethash	93600000
NVIDIA	NVIDIA	GTX TITAN V 12GB HBM2 (Overclocked)		1335	972	Windows 10	388.59	Claymore	238	Ethereum	Ethash	79000000
NVIDIA	GIGABYTE	CMP 30HX		990	7700	Windows 10	470.05	T-Rex 0.20.3	87	Ravencoin	KawPow	12100000
NVIDIA	NVIDIA	GTX TITAN V 12GB HBM2		1477	972	Windows 10	388.59	Claymore	250	Verge	Scrypt	88770000
NVIDIA	NVIDIA	GTX TITAN V 12GB HBM2 (Stock)		1335	850	Windows 10	388.59	Claymore	213	Ethereum	Ethash	70000000
NVIDIA	ASUS	RTX 3070				Phoenix Miner 5.4C	125	Ethereum	Ethash	61300000
NVIDIA	MSI	RTX 3060 Ti		1140	8000			T-rex Miner 0.19.9	150	Ethereum	Ethash	60000000
NVIDIA	ASUS	3090 RTX Strix		1095	10702	Windows 10	461.40	T-rex 0.19.9 cuda 11.1	319	Ethereum Classic	Ethash	120600000
NVIDIA	EVGA	1080 TI 11 GB		1700	5724	Windows 10	391.01	Claymore	275	Ethereum	Ethash	54000000
NVIDIA	EVGA	1080 TI 11 GB		Windows 10		Claymore v11.6	275	Ethereum	Ethash	50000000
NVIDIA	ASUS	3090 RTX Strix		1095	10702	Windows 10	461.40	T-rex 0.19.9 cuda 11.1	328	Vertcoin	Verthash	1830000
NVIDIA	NVIDIA	Tesla V100 16GB HBM2		1530	877	Windows 10	385.54	CC-miner	250	Verge	Scrypt	48450000
NVIDIA	ZOTAC	Geforce RTX 2070		Windows 10			140	Ethereum	Ethash	38500000
NVIDIA	EVGA	GeForce GTX 1080 TI FTW3		1974	5775	Windows 10	385.41	Claymore	185	Ethereum	Ethash	37360000
NVIDIA	ZOTAC	GTX 1070 Ti AMP		1680	4800	Windows 10	388.13 / Afterburner 4.4.0 Beta 20	BBT-multiminer-v5.6.2	140	Ethereum	Ethash	34495000
NVIDIA	AORUS	1080 Ti 11 Gb		Windows 10		Claymore v10.5	225	Ethereum	Ethash	34300000
NVIDIA	MSI	1080 Ti gaming X 11g			-	-	333	Ethereum	Ethash	33775000
NVIDIA	ZOTAC	GTX 1070 Ti AMP -60% power limit		1100	4600	Windows 10	388.13 / Afterburner 4.4.0 Beta 20	BBT-multiminer-v5.6.2	110	Ethereum	Ethash	32800000
NVIDIA	MSI	MSI GeForce GTX 1660 SUPER VENTUS XS OC 6GB		1050	2300	Ubuntu	460.67	Hiveos 0.6-204@210608	63	Ethereum	Ethash	32700000
NVIDIA	MSI	1070 TI 8GB		1645	4475	Windows 10	388.43	Claymore	250	Ethereum	Ethash	31900000
NVIDIA	MSI	MSI GTX 1070 TI 8Gb GDDR5 (Micron)		1442	4452	Windows 10	388.71	Claymore	145	Ethereum	Ethash	31557000
NVIDIA	MSI	GeForce GTX 1080 Ti		1480	1376	Windows 10			250	Ethereum	Ethash	31300000
NVIDIA	GIGABYTE	CMP 30HX		990	7700	Windows 10	470.05	T-Rex 0.20.3	75	Ethereum	Ethash	31150000
NVIDIA	MSI	GTX 1070 8GB		1873	4498	Windows 10	382.53	Claymore	349	Ethereum	Ethash	30800000
NVIDIA	ASUS	GTX 1070 TI Optimized		Windows 10	388.13	Nicehash v2.0.1.3	180	Ethereum	Ethash	30672000
NVIDIA	MSI	Geforce 1660 TI GDDR6		1550	6750	Windows 10		Claymore	90	Ethereum	Ethash	30300000
NVIDIA	NVIDIA	GeForce GTX 1070		1506	2002	Windows 10		Claymore	150	Ethereum	Ethash	27000000
NVIDIA	ASUS	P-106 6GB		1850 Windows 10	38.7.5	Claymore	150	Ethereum	Ethash	25400000
NVIDIA	ASUS	GTX 1070 TI (stock)		Windows 10	388.13	Nicehash v2.0.1.3	180	Ethereum	Ethash	24900000
NVIDIA	ASUS	ROG GTX 1060 6Gb GDDR5 SAMSUNG Memory - Over Clocked & Under Volted		1860	4704	Windows 10	385.41	Claymore 9.8	150	Ethereum	Ethash	24500000
NVIDIA	GIGABYTE	GeForce GTX 1060 3GB		1550	2002	Windows 10		Claymore 9.2	120	Ethereum	Ethash	24000000
NVIDIA	NVIDIA	Tesla V100 16GB HBM2		1530	877	Windows 10	385.54	BBT-multiminer	250	Orbitcoin	Neoscrypt	2480000
NVIDIA	NVIDIA	GeForce GTX 1080		1251	1607	Windows 10		ccMiner	180	Ethereum	Ethash	23000000
NVIDIA	ZOTAC	ZOTAC GeForceÂ® GTX 1050 Ti Mini		1054	2227	Windows 10 pro	391.10	Claymore's Dual Ethereum Miner 11.0	56	Ethereum	Ethash	20000000
NVIDIA	ZOTAC	ZOTAC GeForceÂ® GTX 1050 Ti Mini		1054	2227	Windows 10 pro	391.10	Claymore's Dual Ethereum Miner 11.0	56	Ethereum	Ethash	20000000
NVIDIA	ASUS	ROG GTX 1060 6Gb GDDR5 SAMSUNG		2050	3898	Windows 10	385.41	Claymore	150	Ethereum	Ethash	19000000
NVIDIA	NVIDIA	GeForce GTX 1060 6GB		1744	2002	Windows 10		Claymore	120	Ethereum	Ethash	19000000
NVIDIA	EVGA	GeForce GTX 970		1050	1753	Arch Linux		Claymore	140	Ethereum	Ethash	16000000
NVIDIA	NVIDIA	GeForce GTX 780Ti		875	1752	Windows 10		CUDAminer	250	Ethereum	Ethash	15000000
NVIDIA	NVIDIA	GeForce GTX 1050 Ti 4GB		1291	1752	Windows 10		Claymore	75	Ethereum	Ethash	12000000
NVIDIA	PNY	Quadro M4000 8GB		Windows 10		Claymore	300	Ethereum	Ethash	10000000
NVIDIA	EVGA	GeForce GTX TITAN X		1000	1753	Windows 10		Nicehash v2.0.1.5	168	FlorinCoin	Scrypt	33000000
NVIDIA	NVIDIA	MX150 (Laptop)		Windows 10		Nicehash v2.0	100	Ethereum	Ethash	5000000
NVIDIA	NVIDIA	GeForce GTX 750Ti		1020	1350	Windows 10		Nicehash	60	Ethereum	Ethash	5000000
NVIDIA	MSI	1070 TI 8GB		1645	4475	Windows 10	388.43	DSTM Zminer	250	Komodo	Equihash	518
NVIDIA	GIGABYTE	1080 TI 11 GB AORUS		Windows 10		STAK XMR Miner	146	Monero	Cryptonight	4700
NVIDIA	MSI	Geforce 1080TI		2000	5600	Windows 7 Pro		www.xmrcgpu.com with large pages enabled	280	Monero	Cryptonight	4450
NVIDIA	ASUS	1080TI FTW3 11 GB DDR5		2000	5066	Windows 7 x64		XMRCGPU	300	Monero	Cryptonight	3950
NVIDIA	GIGABYTE	GeForce GTX 1080		1900	5900	Windows 10 pro		www.xmrcgpu.com	180	Monero	Cryptonight	3370
NVIDIA	EVGA	1080TI FTW3 11 GB DDR5		2000	5600	Windows 10		XMRMINER	308	Monero	Cryptonight	3150
NVIDIA	ZOTAC	GTX 1070 Ti AMP		1680	4800	Windows 10	388.13 / Afterburner 4.4.0 Beta 20	BBT-multiminer-v5.6.2	140	DigiByte	Scrypt	4205000
NVIDIA	NVIDIA	Tesla V100 16GB HBM2		1530	877	Windows 10	385.54	BBT-multiminer	250	Monero	Cryptonight	1670
NVIDIA	NVIDIA	Tesla V100 16GB HBM2		1530	877	Windows 10	385.54	BBT-multiminer	250	Zcash	Equihash	950
NVIDIA	NVIDIA	GTX TITAN V 12GB HBM2		1477	972	Windows 10	388.59	Claymore	248	Zcash	Equihash	863
NVIDIA	ZOTAC	GTX 1080		2000	5215	Windows 10 pro	Afterburner	EWBF	250	Zcash	Equihash	631
NVIDIA	ZOTAC	GTX 1070 Ti AMP		2060	4700	Windows 10	388.13 / Afterburner 4.4.0 Beta 20	BBT-multiminer-v5.6.2	140	Monero	Cryptonight	795
NVIDIA	ZOTAC	GTX 1070 Ti AMP		1680	4800	Windows 10	388.13 / Afterburner 4.4.0 Beta 20	BBT-multiminer-v5.6.2	200	Zcash	Equihash	577
NVIDIA	ZOTAC	GTX 1070 Ti AMP		1680	4800	Windows 10	388.13 / Afterburner 4.4.0 Beta 20	BBT-multiminer-v5.6.2	145	Zcash	Equihash	540
NVIDIA	ASUS	GTX 1070 TI Optimized		Windows 10	388.13	Nicehash v2.0.1.3	180	Monero	Cryptonight	722
NVIDIA	ASUS	GeForce 1070 GTX		1185	4608	Windows 10	378.78	CCminer	200	Monero	Cryptonight	708
NVIDIA	NVIDIA	GTX 1080 8GB Pascal stock (-70V)		1657	4635	Windows 10	382.05	Claymore	170	Zcash	Equihash	517
NVIDIA	MSI	1070 TI 8GB		1645	4475	Windows 10	388.43	EWBF 0.3.4b Cuda miner	250	Zcash	Equihash	500
NVIDIA	MSI	GTX 1070 TI 8Gb GDDR5 (Micron)		1720	4400	Windows 10	388.71	Zhash	145	Zcash	Equihash	500
NVIDIA	ZOTAC	GTX 1070 Ti AMP		1600	4600	Windows 10	388.13 / Afterburner 4.4.0 Beta 20	BBT-multiminer-v5.6.2	116	Zcash	Equihash	480
NVIDIA	NVIDIA	Tesla V100 16GB HBM2		1530	877	Windows 10	385.54	BBT-multiminer	250	Decred	Blake-256	6500000000
NVIDIA	GIGABYTE	Geforce 1080 G1		Windows 7 x64			126	Zcash	Equihash	465
NVIDIA	ASUS	GTX 1070 TI stock		Windows 10	388.13	Nicehash v2.0.1.3	180	Monero	Cryptonight	616
NVIDIA	MSI	GAMING 1070 Ti		1582	3802	Ubuntu 17.04	387.22	ewbf 0.3.4b	111	Zcash	Equihash	458
NVIDIA	ZOTAC	ZOTAC AMP 1070		Windows 10		EXCAVATOR 1.1.4A	120	Zcash	Equihash	437
NVIDIA	ASUS	GTX 980 TI Asus strix		1215	3304	Windows 10	382.05	Claymore	235	Zcash	Equihash	430
NVIDIA	MSI	MSI GTX 1070 GAMING Z		Windows 10		NICEHASHMINER_V1.7.5.9	120	Zcash	Equihash	421
NVIDIA	ZOTAC	GTX 980 TI 6GB		1050	1750	Windows 10	382.05	Nicehash v1.1.4a	220	Zcash	Equihash	390
NVIDIA	EVGA	EVGA GTX 980 4GB SUPERCLOCKED		1442	3903	Windows 10	388.00	EWBF Zcash cuda miner 0.3.4b	200	Zcash	Equihash	358
NVIDIA	NVIDIA	Tesla V100 16GB HBM2		1530	877	Windows 10	385.54	BBT-multiminer	250	LBRY Credits	Lbry	769000000
NVIDIA	ASUS	ROG GTX 1060 6Gb GDDR5 SAMSUNG Memory - Over Clocked		2164	4704	Windows 10	385.41	EWBF 0.3.4b	150	Zcash	Equihash	352
NVIDIA	EVGA	EVGA GTX 1060 6GB SSC		Windows 10		EWBF 0.3.3B	151	Zcash	Equihash	345
NVIDIA	MSI	MSI GEFORCE 980 TI		1250	7010	Windows 10 pro		NICEHASH GUI	190	Zcash	Equihash	335
NVIDIA	ASUS	ROG GTX 1060 6Gb GDDR5 SAMSUNG		2050	3898	Windows 10	385.41	Xmr-Miner 0.2.1	150	Monero	Cryptonight	445
NVIDIA	ASUS	ROG GTX 1060 6Gb GDDR5 SAMSUNG		2050	3898	Windows 10	385.41	Claymore	150	Zcash	Equihash	317
NVIDIA	AMD	EVGA GTX 1060 6GB SSC		Windows 10		EWBF 0.3.3B	95	Zcash	Equihash	315
NVIDIA	EVGA	EVGA GTX 1060 6GB SSC		Windows 10		EWBF 0.3.3B	106	Zcash	Equihash	297
NVIDIA	PNY	1070		69	599			nanopool	0	Zcash	Equihash	270
NVIDIA	GIGABYTE	GT 1030 2GB		Windows 10		Claymore	50	Zcash	Equihash	250
NVIDIA	PNY	PNY QUADRO M4000 8GB		Windows 10			70	Monero	Cryptonight	250
NVIDIA	PNY	PNY 1050 TI		1797	7000	Windows 7 x64		NICEHASH GUI	75	Zcash	Equihash	138
NVIDIA	EVGA	EVGA GEFORCE 750 TI		Windows 7 x64		NICEHASH GUI	65	Zcash	Equihash	72
NVIDIA	MSI	1070 TI 8GB		1645	4475	Windows 10	388.43	DSTM Zminer	250	Pascal Coin	Pascal	583000000
NVIDIA	GIGABYTE	RX 550		1250	1825	Windows 10		Claymore	50	Decred	Blake-256	500000000
NVIDIA	GIGABYTE	GTX 1050 TI 4Gb		1810	3561	Unbuntu 15.04	5.X.X	Bitminer 7.X	50	Pascal Coin	Pascal	332000000
NVIDIA	ASUS	ROG GTX 1060 6Gb GDDR5 SAMSUNG Memory - Over Clocked & Under Volted		1822	4704	Windows 10	385.41	Claymore 9.8	0	Decred	Blake-256	232000000
NVIDIA	ASUS	ROG GTX 1060 6Gb		2050	3898	Windows 10	385.41		122	Pascal Coin	Pascal	177000000
NVIDIA	ASUS	ROG GTX 1060 6Gb GDDR5 SAMSUNG		2050	3898	Windows 10	285.41	Claymore	0	Decred	Blake-256	194000000
NVIDIA	GIGABYTE	GT 1030 2GB		Windows 10		Claymore	50	Decred	Blake-256	146000000
NVIDIA	ASUS	ROG GTX 1060 6Gb GDDR5 SAMSUNG		2050	3898	Windows 10	385.41	Claymore	0	Siacoin	Blake-256	199400000
NVIDIA	ASUS	ROG GTX 1060 6Gb GDDR5 SAMSUNG		2050	3898	Windows 10	385.41	Claymore	0	LBRY Credits	Lbry	18778000
NVIDIA	INTEL	i5		Windows 7 Ultimate			0	Bitcoin	SHA-256	500000000
NVIDIA	GIGABYTE	RX 550		1250	1825	Windows 10		Claymore	50	Pascal Coin	Pascal	563
NVIDIA	GIGABYTE	RX 550		1250	1825	Windows 10		Claymore	50	LBRY Credits	Lbry	257
NVIDIA	GIGABYTE	GT 1030 2GB		Windows 10		Claymore	50	LBRY Credits	Lbry	108
NVIDIA	GIGABYTE	GT 1030 2GB		Windows 10		Claymore	50	Pascal Coin	Pascal	304
NVIDIA	EVGA	GTX 1070 TI 8Gb		1683	4498	Windows 10	388.13	excavator	220	Ethereum	Ethash	28
NVIDIA	ZOTAC	GTX 1070 Ti AMP		2060	4700	Windows 10	388.13 / Afterburner 4.4.0 Beta 20	BBT-multiminer-v5.6.2	140	LBRY Credits	Lbry	795
NVIDIA	ZOTAC	GTX 1070 Ti AMP		1680	4800	Windows 10	388.13 / Afterburner 4.4.0 Beta 20	BBT-multiminer-v5.6.2	190	Siacoin	Blake-256	1900
CPU	AMD	2* AMD EPYC - 7601		Windows Server 2012 R2		64-bit xmrcgpu.com 1/2 CPU affinity	336	Monero	Cryptonight	4130
CPU	AMD	DUAL AMD EPYC 7601		Windows 7 Pro		XMRCGPU	330	Monero	Cryptonight	3860
CPU	AMD	DUAL AMD EPYC 7601		Ubuntu 17.04		cpuminer-multi	336	Monero	Cryptonight	3530
CPU	AMD	DUAL AMD EPYC 7601		DEBIAN 9		CPU-MINER-MULTI	336	Monero	Cryptonight	3500
CPU	INTEL	INTEL XEON PHI 7210		Ubuntu 16.04		LUKMINERPHI v0.3.1	215	Monero	Cryptonight	2770
CPU	INTEL	2X INTEL XEON CPU E5-2699 V4 @ 2.20GHZ		Ubuntu 16.10		XMR-STAK-CPU	145	Monero	Cryptonight	1910
CPU	INTEL	XEON E5-2686 V3 (DUAL)		Windows 8.1 x64		XMR-STAK-CPU	120	Monero	Cryptonight	1560
CPU	INTEL	2x XEON E5-2699 V4 @ 2.20GHZ		Ubuntu 16.04		YAM	145	Monero	Cryptonight	1500
CPU	INTEL	1X E7-8890 V4		Ubuntu 16.10		CPU-MULTI-MINING-BY-WOLF	165	Monero	Cryptonight	1483
CPU	AMD	RYZEN THREADRIPPER 1950X		Windows 7		XMRCGPU	180	Monero	Cryptonight	1470
CPU	AMD	RYZEN Threadreaper 1950 X		1000	1100	Windows 10 pro			180	Monero	Cryptonight	1422
CPU	AMD	RYZEN THREADRIPPER 1950X		Windows 10		XMR-STAK-CPU	180	Monero	Cryptonight	1280
CPU	AMD	RYZEN THREADRIPPER 1950X @ 3.9 GHZ		Windows 10		XMR-STAK-CPU	180	Monero	Cryptonight	1265
CPU	INTEL	XEON E5-2686 V3 (DUAL)		Windows 8.1 x64		MONEROD	120	Monero	Cryptonight	1175
CPU	INTEL	2x CPU E5-2658 V3 @ 2.20GHZ		Ubuntu 16.04		YAM	105	Monero	Cryptonight	1160
CPU	INTEL	2X XEON E5-2650V4		Ubuntu 14.04		XMRIG	105	Monero	Cryptonight	1150
CPU	AMD	Ryzen Threadripper 1950x		Windows 10		XMR-STAK-CPU	96	Monero	Cryptonight	1120
CPU	INTEL	INTEL XEON E5-2690 V4		Centos 7		XMR-STAK-CPU git	135	Monero	Cryptonight	1100
CPU	INTEL	DUAL E5-2660V2		Windows 10		XMRig	95	Monero	Cryptonight	1030
CPU	INTEL	R720 INTEL XEON E5-2690 0 @ 2.9 X2		Ubuntu 17.04		XMR-STAK-CPU-NOTLS	135	Monero	Cryptonight	1032
CPU	INTEL	DUAL XEON E5-2698 V4 64GB RAM		Windows 10		MINERGATE	270	Monero	Cryptonight	1021
CPU	INTEL	R720 INTEL XEON E5-2690 0 @ 2.9 X2		Windows Server 2008 R2		XMR-STAK-CPU-NOTLS	135	Monero	Cryptonight	1012
CPU	AMD	OPTERON 6276 X2		Windows 7 x64		CLAYMORE 9.6	230	Monero	Cryptonight	1003
CPU	INTEL	INTEL(R) XEON(R) CPU E5-2648L V3 @ 1.80GHZ (2 PIECES)		Ubuntu 16.04		YAM	75	Monero	Cryptonight	991
CPU	INTEL	DUAL XEON E5-2670 V2 (10 THREAD PER CPU)		Freenas 11		MINERGATE	115	Monero	Cryptonight	978
CPU	AMD	2X AMD OPTERON 6276		Windows 10		XMR-STAK-CPU	115	Monero	Cryptonight	970
CPU	INTEL	2X XEON E5-2640 V4		Ubuntu 16.04		XMR-STAK-CPU	90	Monero	Cryptonight	972
CPU	INTEL	INTEL i7 5960X		Windows 10		XmrCgpu.com	140	Monero	Cryptonight	860
CPU	AMD	RYZEN 7 1700		Windows 7		XMR CGPU dual miner	66	Monero	Cryptonight	820
CPU	INTEL	INTEL XEON E5-2640 V3 @ 2.60GHZ		Ubuntu 14.04		WOLF CPU MINER	144	Monero	Cryptonight	795
CPU	INTEL	INTEL XEON E5-2640 V3 @ 2.60GHZ		Ubuntu 14.04		HMAGE CPU MINER	144	Monero	Cryptonight	760
CPU	INTEL	INTEL I7 5960X @ 4.6GHZ		Windows 10		CLAYMORE CRYPTONOTE V3.5 BETA	140	Monero	Cryptonight	750
CPU	AMD	RYZEN 7 1700 3.8 ghz		Windows 10		XMRcgpu combined miner	75	Monero	Cryptonight	711
CPU	AMD	RYZEN 5 1600		Windows 10	6-cores	XMR cgpu	65	Monero	Cryptonight	680
CPU	INTEL	2X INTEL XEON E5-2660 8-CORE @ 2.2 GHZ, 20 MB L3 CACHE		Debian 8		XMR-STAK-CPU 1.3.0	95	Monero	Cryptonight	660
CPU	AMD	RYZEN 7 1700X 3875MHZ		Windows 10		XMR-STAK-CPU v1 build	66	Monero	Cryptonight	638
CPU	INTEL	INTEL(R) XEON(R) CPU E5-2680 V4 @ 2.40GHZ		Ubuntu 16.04		XMR-STAK-CPU V1.4.1-DEV	120	Monero	Cryptonight	640
CPU	AMD	RYZEN 7 1700@3.8GHZ		Windows 10		XMR-STAK-CPU	75	Monero	Cryptonight	626
CPU	AMD	Ryzen 7 2700		Windows 10		XMR STAK CPU	105	Monero	Cryptonight	620
CPU	AMD	AMD RYZEN 7 1700		Windows 10		XMR- STAK-CPU	60	Monero	Cryptonight	620
CPU	AMD	RYZEN 1800X (OC TO 3,9GHZ)		Windows 10		XMR-STAK-CPU	95	Monero	Cryptonight	620
CPU	AMD	RYZEN 7 1700		Windows 10		CLAYMORE 3.5	125	Monero	Cryptonight	615
CPU	AMD	AMD RYZEN-7 1700 (@3700 MHZ)		Windows 10		XMR-STAK-CPU	95	Monero	Cryptonight	605
CPU	INTEL	INTEL(R) XEON(R) CPU E5-2648L 0 @ 1.80GHZ 2X		Ubuntu 16.04		YAM	70	Monero	Cryptonight	580
CPU	AMD	AMD RYZEN 1700		Windows 10		XMR-STAK-CPU	51	Monero	Cryptonight	570
CPU	INTEL	i7-8250u		1 Windows 7 x64		www.xmrcgpu.com	15	Monero	Cryptonight	550
CPU	INTEL	2X E5-2620V3@2.28GHZ		Windows Server 2008 R2		XMR-STAK-CPU	95	Monero	Cryptonight	550
CPU	AMD	RYZEN 7 1700X (STOCK)		DEBIAN 9		XMRIG	95	Monero	Cryptonight	550
CPU	AMD	Ryzen 7 1800X		Ubuntu 16.04		cpuminer-multi	95	Monero	Cryptonight	549
CPU	AMD	RYZEN 5 1600		DEBIAN 9	8 cores (6xprimary + 2xlogical)	XMR-STAK-CPU	65	Monero	Cryptonight	527
CPU	INTEL	2X XEON X5687		Ubuntu 16.10		XMR-STAK-CPU	240	Monero	Cryptonight	515
CPU	AMD	RYZEN 7 1700 @ 3.2GHZ		Windows 10		XMR-STAK-CPU	65	Monero	Cryptonight	513
CPU	INTEL	2X INTEL XEON X5690		Ubuntu 16.04		XMR-STAK-CPU	260	Monero	Cryptonight	510
CPU	AMD	Ryzen Threadripper 1950x		Windows 10		XMR-STAK-CPU	96	Sumokoin	Cryptonight	1120
CPU	AMD	AMD RYZEN 5 1600 + 2400MHZ RAM		Ubuntu 16.04	8 threads, all low_power=false, no prefetch=true. affine to 1, 3, 4,	XMR-STAK-CPU	65	Monero	Cryptonight	503
CPU	INTEL	E5-2670 V3 QS@2540MHZ 59WATT USAGE		Windows 8.1 x64		XMR-STAK-CPU v1 build	115	Monero	Cryptonight	504
CPU	INTEL	E5-2670 V3 QS@2540MHZ 59WATT USAGE		Windows 8.1 x64		XMR-STAK-CPU v1 build	115	Monero	Cryptonight	504
CPU	AMD	RYZEN 1700 (3.7GHZ OC)		Windows 10		XMR-STAK-CPU	95	Monero	Cryptonight	506
CPU	INTEL	2X XEON E5-2660		Windows 10		MINERGATE CONSOLE MINER WINDOWS X64	80	Monero	Cryptonight	500
CPU	INTEL	2X E5 2620V3 @ 2.26GHZ		Windows Server 2008 R2		XMR-STAK-CPU	85	Monero	Cryptonight	502
CPU	INTEL	I7-7900X		Windows 10		XMRig Miner	123	Monero	Cryptonight	498
CPU	INTEL	2X INTEL XEON PROCESSOR E5-2440		Windows 10		YAM	95	Monero	Cryptonight	497
CPU	INTEL	INTEL XEON E5-2620 X2		DEBIAN 9		XMRIG	95	Monero	Cryptonight	490
CPU	AMD	Ryzen 7 1700		Arch Linux		cpuminer-multi	65	Monero	Cryptonight	489
CPU	INTEL	4 * XEON-X7550-18M-CACHE-2.00-GHZ		Windows Server 2008 R2		XMR-STAK-CPU	500	Monero	Cryptonight	480
CPU	INTEL	XEON X5672 (DUAL)		Windows 10		XMR-STAK-CPU	95	Monero	Cryptonight	480
CPU	AMD	RYZEN 5 1600 - OVERCLOCKED TO 3.7		Ubuntu 16.04		CPUMINER-MULTI	70	Monero	Cryptonight	470
CPU	AMD	FX8320E@4,5GHZ		Windows 10		XMR-STAK-CPU-1.5	125	Monero	Cryptonight	470
CPU	AMD	AMD FX-8300		Windows 10		xmr CGPU	85	Monero	Cryptonight	462
CPU	INTEL	Intel i7 7700K		Windows 7 x64			44	Monero	Cryptonight	455
CPU	AMD	AMD RYZEN 5 1600		Ubuntu 16.04		XMR-STAK-CPU	65	Monero	Cryptonight	450
CPU	INTEL	INTEL XEON E5-2670		Windows 8		YAM 7V	115	Monero	Cryptonight	443
CPU	INTEL	E5-2670 V3 QS@2540MHZ 68WATT USAGE		Windows 8.1 x64		XMR-STAK-CPU v1 build	115	Monero	Cryptonight	445
CPU	AMD	RYZEN 5 1600 - STOCK		Windows 10		XMR STAK CPU	65	Monero	Cryptonight	436
CPU	INTEL	INTEL E5 2660 V1		Ubuntu 17.04		XMR-STAK-CPU	95	Monero	Cryptonight	433
CPU	AMD	RYZEN 5 1500X @3.5GHZ		Windows 10		XMR STAK CPU	65	Monero	Cryptonight	425
CPU	AMD	RYZEN 5 1500X @3.5GHZ		Windows 10		XMR STAK CPU	65	Monero	Cryptonight	425
CPU	AMD	FX 9590		Windows 7 x64		CLAYMORE CRYPTONOTE CPU MINER V3.5 BETA	220	Monero	Cryptonight	425
CPU	INTEL	I7 5820K @4.0 GHZ		Windows 7 x64		XMR-STAK-CPU-NOTLS-WIN64 V1.3.1	140	Monero	Cryptonight	418
CPU	AMD	AMD FX 9590		Windows 10		CLAYMORE CPU MINER 3.5	275	Monero	Cryptonight	420
CPU	INTEL	XEON E5-2670 C2		Windows 7 x64		XMR-STAK-CPU	115	Monero	Cryptonight	421
CPU	AMD	AMD RYZEN 5 1500X @ 3.9 GHZ		Windows 10	AMD RYZEN 5 1500X @ 3.9 GHZ | DDR4 2933 CL16	CLAYMORE CN MINER CPU	65	Monero	Cryptonight	410
CPU	INTEL	INTEL 5820K		Windows 10		CLAYMORE CRYPTONOTE CPU MINER V3.5 BETA - POOL	140	Monero	Cryptonight	410
CPU	INTEL	INTEL I7-5930K		Windows 10		XMR-STAK-CPU	140	Monero	Cryptonight	410
CPU	INTEL	INTEL(R) XEON(R) CPU D-1577		Ubuntu 16.04		YAM	45	Monero	Cryptonight	407
CPU	INTEL	INTEL XEON E5 1650 V1 (OC 4.4 GHZ)		Windows 10		XMR-STAK-CPU	140	Monero	Cryptonight	400
CPU	AMD	AMD RYZEN 5 1600 STOCK 3.4 GHZ		Windows 7 x64		XMR-STAK-CPU	65	Monero	Cryptonight	400
CPU	AMD	AMD FX-8350		Windows 10		XMR-STAK-CPU	195	Monero	Cryptonight	400
CPU	AMD	AMD 8350-FX @ 4300GHZ		Windows 7 x64		LUCASJONES CPUMINER	213	Monero	Cryptonight	393
CPU	INTEL	FX8320E@4GHZ		Windows 10		XMR-STAK-CPU 1.5	95	Monero	Cryptonight	395
CPU	INTEL	INTEL XEON 2695V3 @ 2.5HZ		Windows 7 x64		MINERGATE	90	Monero	Cryptonight	380
CPU	INTEL	4790K @ 4.7GHZ		Windows 10		XMR-STAK-CPU	88	Monero	Cryptonight	368
CPU	INTEL	INTEL I7 3960		Windows 7 x64		CLAYMORE CPU MINER 3.5	104	Monero	Cryptonight	370
CPU	INTEL	E5-2670 V3 QS@2540MHZ 71WATT USAGE		Windows 8.1 x64		CPUMINER-GW64-AVX2	115	Monero	Cryptonight	363
CPU	INTEL	I7-6800K		Ubuntu 16.04		XMR-STAK-CPU	97	Monero	Cryptonight	360
CPU	INTEL	2X E5620		Debian 8		WOLF	80	Monero	Cryptonight	360
CPU	INTEL	XEON E3-1285 V4		Windows 10		XMR-STAK-CPU	95	Monero	Cryptonight	360
CPU	INTEL	I7 3770K @ 4.4GHZ		Windows 10		XMR-STAK-CPU	77	Monero	Cryptonight	350
CPU	INTEL	INTEL I5-2430M		Windows 7		WOLF CPUMINER	35	Monero	Cryptonight	342
CPU	INTEL	INTEL I5 -3570K		Debian 7		WOLF CPUMINER	84	Monero	Cryptonight	344
CPU	INTEL	I7-5930K		Windows 10		XMR-STAK-CPU	140	Monero	Cryptonight	340
CPU	AMD	FX 8300 (OC 4200)		Windows 10		XMR-STAK-CPU	95	Monero	Cryptonight	340
CPU	INTEL	INTEL CORE I7-3930K @ 3.8 GHZ		Windows 10		XMR-STAK-CPU	135	Monero	Cryptonight	334
CPU	AMD	AMD FX 8300		Windows 10		XMRig	95	Monero	Cryptonight	332
CPU	INTEL	I7 2600K (BOOST 4.4GHZ)		Windows 7 x64		NICEHASH	95	Monero	Cryptonight	325
CPU	AMD	FX8320-E		Ubuntu 16.10		XMR-STAK	95	Monero	Cryptonight	327
CPU	INTEL	XEON E5-2650		Windows 10		XMR STAK CPU	95	Monero	Cryptonight	327
CPU	INTEL	INTEL I7 7700K		Windows 10		XMRIG 2.1.0	44	Monero	Cryptonight	328
CPU	INTEL	I7 2600K (BOOST 4.4GHZ)		Windows 7 x64		NICEHASH	95	Monero	Cryptonight	325
CPU	AMD	FX8320-E		Ubuntu 16.10		XMR-STAK	95	Monero	Cryptonight	327
CPU	INTEL	XEON E5-2650		Windows 10		XMR STAK CPU	95	Monero	Cryptonight	327
CPU	INTEL	INTEL I7 7700K		Windows 10		XMRIG 2.1.0	44	Monero	Cryptonight	328
CPU	INTEL	I7 7700K		Windows 10		XMR STAK MINER	85	Monero	Cryptonight	320
CPU	AMD	AMD FX(TM)-8350 EIGHT-CORE PROCESSOR OC (8CPUS),~ @ 4.32GHZ		Windows 7 x64		CRYPTONOTE CPU MINER V.3.5 BETA	125	Monero	Cryptonight	320
CPU	AMD	AMD FX(TM)-8350 EIGHT-CORE PROCESSOR OC (8CPUS),~ @ 4.32GHZ		Windows 7 x64		CRYPTONOTE CPU MINER V.3.5 BETA	125	Monero	Cryptonight	320
CPU	INTEL	STOCK I7 4790K		Windows 7 x64		CLAYMORE 9.7	58	Monero	Cryptonight	318
CPU	INTEL	I7 2600K		Windows 10		CLAYMORE CRYPTONOTE CPU 3.5B	65	Monero	Cryptonight	313
CPU	INTEL	I7-7700		Windows 10		XMRIG 2.3.1	65	Monero	Cryptonight	314
CPU	AMD	FX-6300		Windows 7 x64		CLAYMORE CPU 3.5	95	Monero	Cryptonight	315
CPU	INTEL	I7-7700K		Debian 8		CPUMINER-OPT 3.6.1	91	Monero	Cryptonight	310
CPU	AMD	AMD FX-8350		Windows 8.1 x64		OPTIMINER V3.5.0	120	Monero	Cryptonight	310
CPU	INTEL	I7 4820K		Windows 7 x64		CLAYMORE CRYPTONOTE CPU MINER V3.5 BETA	130	Monero	Cryptonight	305
CPU	AMD	AMD FX-8320 4.0GHZ		Windows 7 x64		LUCASJONES CPUMINER	125	Monero	Cryptonight	305
CPU	AMD	AMD FX-6300		Ubuntu 16.04		STAK-XMR-CPU	63	Monero	Cryptonight	300
CPU	INTEL	I7-5820		Windows 7		XMR-STACK	110	Monero	Cryptonight	295
CPU	INTEL	INTEL I7 4770K 3.5 GH		Windows 7 x64		CLAYMORE 3.5 BETA	75	Monero	Cryptonight	290
CPU	AMD	FX 8350		Windows 10		MINERGATE-CLI	125	Monero	Cryptonight	290
CPU	INTEL	INTEL I7 4770K		Ubuntu 17.04		XMR-STAK-CPU	84	Monero	Cryptonight	283
CPU	INTEL	INTEL CORE I5 2500K		Windows 10		CLAYMORE 3.5 BETA	55	Monero	Cryptonight	285
CPU	INTEL	AMD FX 8300		Windows 10		XMR-STAK-CPU	95	Monero	Cryptonight	279
CPU	INTEL	I7-6700K		Mac Os X		XMRIG-2.2.1	91	Monero	Cryptonight	280
CPU	INTEL	INTEL XEON E5-2698		Ubuntu 16.04		CPUMINER-MULTI	5	Monero	Cryptonight	280
CPU	INTEL	I7-3820		Windows 7 x64		XMR-STAK-CPU	130	Monero	Cryptonight	275
CPU	INTEL	INTEL(R) XEON(R) CPU D-1540 @ 2.00GHZ		Ubuntu 16.04		YAM	45	Monero	Cryptonight	275
CPU	AMD	AMD FX 6300		Windows 7 x64		CLAYMORE CRYPTONOTE 3.5	95	Monero	Cryptonight	275
CPU	INTEL	XEON X5650		Windows 10		CPUMINER OPT 3-3-8	150	Monero	Cryptonight	275
CPU	INTEL	INTEL XEON E5-1650V2 (TURBOBOOST)		Freebsd 10.3		MONEROD	130	Monero	Cryptonight	270
CPU	INTEL	I7 4770		Windows 7 x64		CLAYMORE CPU MINER 3.5 BETA	84	Monero	Cryptonight	273
CPU	INTEL	INTEL XEON E5-1650V2 (3.5GHZ)		Freebsd 10.3		MONEROD	130	Monero	Cryptonight	269
CPU	INTEL	I7-3820QM		Mac Os X		XMRIG-2.2.1	45	Monero	Cryptonight	269
CPU	INTEL	E3 1231V3		Windows 10		CLAYMORE CRYPTONOTE CPU MINER V3.5 BETA	80	Monero	Cryptonight	254
CPU	AMD	AMD FX-6300 @ 4GHZ		Debian 8		MINERGATE	95	Monero	Cryptonight	255
CPU	INTEL	I7-3770K @4.8GHZ		Windows 8.1 x64		CPUMINER-MULTI-WOLF-05-30-2014	77	Monero	Cryptonight	250
CPU	INTEL	I7 2600		Windows 7 x64		XMR-STAK-CPU	95	Monero	Cryptonight	250
CPU	INTEL	I7 2600K		Windows 10		CLAYMORE CRYPTONOTE CPU MINER	15	Monero	Cryptonight	250
CPU	INTEL	XEON X5672		Windows 10		XMR-STAK-CPU	95	Monero	Cryptonight	252
CPU	INTEL	INTEL I5-3570K @ 4.3		Windows 10		CLAYMORE CRYPTONOTE CPU MINER V3.5 BETA	77	Monero	Cryptonight	245
CPU	INTEL	INTEL I5-4690		Windows 10		XMR-STAK-CPU	55	Monero	Cryptonight	240
CPU	AMD	AMD FX 6100 OC 4.0 GHZ		Windows 10		CLAYMORE CPU MINER	95	Monero	Cryptonight	240
CPU	INTEL	I5-3570K @4.0 STANDART VOLTAGE		Windows 10		XMRIG 2.3.1 (3 threads)	45	Monero	Cryptonight	242
CPU	INTEL	INTEL(R) XEON(R) CPU E3-1220 V3 @ 3.10GHZ		Debian 8		WOLF CPUMINER-MULTI (WITH MOD	80	Monero	Cryptonight	242
CPU	AMD	AMD OPTERON(TM) PROCESSOR 4274 HE		Ubuntu 17.04		XMRIG	80	Monero	Cryptonight	236
CPU	AMD	FX-6300		Windows 10		CLAYMORE CRYPTONOTE CPU MINER V3.5	95	Monero	Cryptonight	237
CPU	INTEL	I5-3570K@4.0 STANDART VOLTAGE		Windows 10		Claymore CPU XMR	45	Monero	Cryptonight	230
CPU	INTEL	INTEL XEON E3-1231 V3		Windows 7 x64		XMR-STAK-CPU	80	Monero	Cryptonight	230
CPU	INTEL	I7 3770		Windows 10		CLAYMORE BETA 3.5	84	Monero	Cryptonight	230
CPU	AMD	E3 1245		Windows 7 x64		CLAYMORE 3.5	85	Monero	Cryptonight	230
CPU	INTEL	INTEL(R) XEON(R) CPU E31220 @ 3.10GHZ		Debian 8		WOLF CPUMINER-MULTI (WITH MOD	80	Monero	Cryptonight	230
CPU	AMD	FX-8350		Windows 10		MINERGATE 6.8	125	Monero	Cryptonight	224
CPU	AMD	6600K		Ubuntu 16.10		XMR-STAK-CPU	95	Monero	Cryptonight	224
CPU	INTEL	INTEL CORE I5 4670		Windows 7 x64		XMR-STAK	84	Monero	Cryptonight	225
CPU	INTEL	I7-4790K		Windows 10		XMR-STAK-CPU	80	Monero	Cryptonight	225
CPU	AMD	AMD A8-7650K, OC 4.5		Ubuntu 17.04		XMR-STAK-CPU	95	Monero	Cryptonight	219
CPU	INTEL	INTEL XEON E5 2670		Windows 10		NICEHASH MINER	115	Monero	Cryptonight	220
CPU	INTEL	INTEL CORE I5 6600K @3800MHZ (NON-OC)		Debian 8		FIREICE-UK/XMR-STAK-CPU	91	Monero	Cryptonight	220
CPU	INTEL	I7-3770K		Ubuntu 16.04		MINERGATE GUI LINUX 64	77	Monero	Cryptonight	220
CPU	INTEL	INTEL CORE I7 4820K		Ubuntu 16.04		MINERGATE V9 UBUNTU	150	Monero	Cryptonight	220
CPU	INTEL	I5 6600K		Windows 10		CLAYMORE CPU MINER 3.5	75	Monero	Cryptonight	220
CPU	AMD	RYZEN 5 1400		Windows 10		XMR-STAK-CPU	65	Monero	Cryptonight	220
CPU	AMD	AMD FX 8300		Windows 8.1 x64		CLAYMORE 3.5	95	Monero	Cryptonight	220
CPU	INTEL	I7-4770HQ		Mac Os X		XMR-STAK-CPU	47	Monero	Cryptonight	220
CPU	INTEL	INTEL CORE I7-5775C		Windows 7 x64		MINERGATE	65	Monero	Cryptonight	221
CPU	INTEL	INTEL CORE I7 4800MQ @ 2.70GHZ		Windows 10		XMR-STAK-CPU	47	Monero	Cryptonight	215
CPU	INTEL	I5-6600K @ 4.2GHZ		Windows 7 x64		CLAYMORE CRYPTONOTE CPU MINER V3.5 BETA	91	Monero	Cryptonight	215
CPU	INTEL	INTEL CORE I5-7500 CPU @ 3.40GHZ		Ubuntu 16.04		XMR-STAK-CPU	65	Monero	Cryptonight	210
CPU	INTEL	INTEL CORE I7-4870HQ		Mac Os X		XMR-STAK-CPU git	47	Monero	Cryptonight	211
CPU	INTEL	INTEL I7-7700HQ @2.8 GHZ		Windows 10		XMR-STAK-CPU	45	Monero	Cryptonight	211
CPU	AMD	A10-6800K APU		Arch Linux		XMR-STAK-CPU	97	Monero	Cryptonight	198
CPU	INTEL	Xeon E3-1220 V2 @ 3.10GHz		Debian 8		cpuminer-multi	69	Monero	Cryptonight	169
CPU	INTEL	I7-2600 @ 3.40GHz		Debian 7		cpuminer-multi	95	Monero	Cryptonight	125
CPU	INTEL	INTEL I7 5960X (stock)		4 Windows 10 pro		xmrcgpu.com	130	Auroracoin	Scrypt	814
CPU	INTEL	Core i3 3220		3292	665	Windows 10 pro	CPU	Xanemine	20	Bitcoin	SHA-256	30000000
CPU	AMD	AMD FX-6100		Windows 10		CLAYMORE CPU MINER	95	Bitcoin	SHA-256	220
CPU	INTEL	INTEL I7-6700 (3.4GHZ-4.0GHZ)		Ubuntu 14.04		CPU-MINER	65	Bitcoin	SHA-256	230
CPU	INTEL	INTEL CORE I7-3930K @ 4.2 GHZ		Windows 7 x64		WOLF CPUMINER	135	Bitcoin	SHA-256	330
CPU	INTEL	INTEL XEON E5-2660 V0		Windows 7 x64		XMR-STAK-CPU // Idles at 69W but at 395+H/s from the wall pulls 137W.	137	Bitcoin	SHA-256	400
ASICS	DAYUN	Zig Z1+					1200	Vertcoin	Verthash	7200000000
ASICS	DAYUN	Zig Z1+					1200	Verge	Scrypt	7200000000
ASICS	MICROBT	WHATSMINER D1					2200	Decred	Blake-256	44000000000000
ASICS	INNOSILICON	A9 ZMaster		Innosilicon Firmware			650	ZenCash	Equihash	50000
ASICS	BITTECH	STRONGU STU-U1					1600	Decred	Blake-256	11000000000000
ASICS	BITTECH	NS					1250	Orbitcoin	Neoscrypt	63200000
ASICS	IBELINK	iBeLink DSM7T					2100	Decred	Blake-256	7000000000000
ASICS	ASICS	Ibelink DCR					2100	Decred	Blake-256	6000000000000
ASICS	MICROBT	Whatsminer M30S+					3400	Bitcoin	SHA-256	112000000000000
ASICS	BITMAIN	Antminer S19 PRO					3250	Bitcoin	SHA-256	110000000000000
ASICS	ASICS	SP50		Bitmain Firmware			16570	Bitcoin	SHA-256	110000000000000
ASICS	MICROBT	Whatsminer M30S++					3400	Bitcoin	SHA-256	100000000000000
ASICS	BITMAIN	Antminer R4		Bitmain Firmware			16570	Bitcoin	SHA-256	87000000000000
ASICS	BAIKAL	Miner BK-N240					630	Monero	Cryptonight	240000
ASICS	INNOSILICON	S11 SiaMaster		Innosilicon Firmware			1380	Siacoin	Blake-256	3830000000000
ASICS	BITMAIN	Antminer X3		Bitmain Firmware			550	Monero	Cryptonight	220000
ASICS	ASICMINER	Zeon 160K					2200	Zcash	Equihash	160000
ASICS	BITMAIN	Antminer E3 Batch 1		Bitmain Firmware			800	Ethereum	Ethash	180000000
ASICS	INNOSILICON	D9 DecredMaster		Innosilicon Firmware			900	Decred	Blake-256	2100000000000
ASICS	EBANG	EBIT E11++					1980	Bitcoin	SHA-256	44000000000000
ASICS	BITTECH	L-One					2600	Auroracoin	Scrypt	2300000000
ASICS	INNOSILICON	A5+ DashMaster		Innosilicon Firmware			1500	Dash	X11	65000000000
ASICS	EBANG	EBIT E11+					2035	Bitcoin	SHA-256	37000000000000
ASICS	BITTECH	One S					2600	Bitcoin	SHA-256	36000000000000
ASICS	PANGOLIN	Pangolin Whatsminer M10					2145	Bitcoin	SHA-256	33000000000000
ASICS	BITTECH	SHA256 MINER					2200	Bitcoin	SHA-256	28000000000000
ASICS	INNOSILICON	T2T Turbo					1980	Bitcoin	SHA-256	24000000000000
ASICS	INNOSILICON	A5 DashMaster		Innosilicon Firmware			1250	Dash	X11	38000000000
ASICS	INNOSILICON	A6 LTCMaster		Innosilicon Firmware			1500	Litecoin	Scrypt	1230000000
ASICS	BAIKAL	BK G28					1300	Dash	X11	28000000000
ASICS	ASICMINER	Ebang Ebit E9.3					1760	Bitcoin	SHA-256	16000000000000
ASICS	BITTECH	One Mini					1150	Bitcoin	SHA-256	16000000000000
ASICS	ASICS	DragonMint 16T					1205	Bitcoin	SHA-256	16000000000000
ASICS	BITMAIN	Antminer A3		Bitmain Firmware			1186	Siacoin	Blake-256	815000000000
ASICS	BITMAIN	Antminer S9i SHA256		Bitmain Firmware			1365	Bitcoin	SHA-256	14500000000000
ASICS	BITMAIN	AntMiner S9 14T		Bitmain Firmware			1300	Bitcoin	SHA-256	14000000000000
ASICS	BITMAIN	AntMiner S9		Bitmain Firmware			1375	Bitcoin	SHA-256	14000000000000
ASICS	ASICMINER	Ebang E9i					1400	Bitcoin	SHA-256	13500000000000
ASICS	ASICS	iBeLink X11 Miner 22 GH/s					810	Dash	X11	22000000000
ASICS	BITMAIN	T9 Antminer					1576	Bitcoin	SHA-256	12500000000000
ASICS	ASICS	Ebang E9.2 BTC					110	Bitcoin	SHA-256	12000000000000
ASICS	ASICS	Pinidea ASIC X11 Miner DR-100					820	Dash	X11	17000000000
ASICS	BITMAIN	D3 Antminer					1200	Dash	X11	15000000000
ASICS	BITMAIN	Antminer R4 Mute		Bitmain Firmware			800	Bitcoin	SHA-256	8000000000000
ASICS	AVALON	Bitcoin Miner Avalon 741 7.3TH					850	Bitcoin	SHA-256	7300000000000
ASICS	BITMAIN	L3+ Antminer					800	Litecoin	Scrypt	504000000
ASICS	EBANG	Ebit E9 Miner 6.5T Bitcoin					140	Bitcoin	SHA-256	6300000000000
ASICS	AVALON	Bitcoin Miner Avalon 721 6TH			-	-	850	Bitcoin	SHA-256	6000000000000
ASICS	BAIKAL	Giant X10 DASH Coin Miner					800	Dash	X11	10000000000
ASICS	BITMAIN	AntMiner S7		Bitmain Firmware			1293	Bitcoin	SHA-256	4730000000000
ASICS	BITMAIN	Z9 mini		Bitmain Firmware		-	300	Zcash	Equihash	10000
ASICS	INNOSILICON	A4 Dominator				Innosilicon Firmware	1000	Litecoin	Scrypt	280000000
ASICS	AVALON	Avalon 6					1050	Bitcoin	SHA-256	3500000000000
ASICS	ASICS	L3 asic scrypt Litecoin Miner					400	Litecoin	Scrypt	250000000
ASICS	ASICS	A4-135 scrypt Litecoin					520	Litecoin	Scrypt	135000000
ASICS	BAIKAL	Giant+ Dash Miner A2000					430	Dash	X11	2000000000
ASICS	BITMAIN	Antminer S5		Bitmain Firmware			750	Bitcoin	SHA-256	1160000000000
ASICS	ASICS	AM200		Arch Linux			900	Zcash	Equihash	1500
ASICS	BAIKAL	Giant A900 Dash Miner					215	Dash	X11	900000000
ASICS	BAIKAL	Giant A900 Dash		Bitmain Firmware			217	Dash	X11	900000000
ASICS	BITMAIN	AntMiner S3					366	Bitcoin	SHA-256	441000000000
ASICS	BAIKAL	Quadruple 600MH					160	Dash	X11	600000000
ASICS	ASICS	Pinidea Dr2 X11 450MH Dash Miner					335	Dash	X11	450000000
ASICS	BAIKAL	Baikal Dash Mini Miner					40	Dash	X11	150000000
ASICS	BAIKAL	CUBE DASH Miner					300	Dash	X11	85000000
ASICS	BITMAIN	GekkoScience USB Key		Bitmain Firmware			0	Bitcoin	SHA-256	15000000000
ASICS	BITMAIN	Antrouter R1		Bitmain Firmware			0	Bitcoin	SHA-256	5500000000
ASICS	AVALON	Nano 3.6GHs - 3th generation bitcoin					0	Bitcoin	SHA-256	3600000000
ASICS	AVALON	Avalon Nano 3		Bitmain Firmware			1360	Bitcoin	SHA-256	3600000000
ASICS	BITMAIN	BPMC Red Fury USB		Bitmain Firmware			1250	Bitcoin	SHA-256	2700000000
ASICS	BITMAIN	AntMiner U2		Bitmain Firmware			1050	Bitcoin	SHA-256	2000000000
ASICS	ASICS	SP20 Jackson		Bitmain Firmware			1200	Bitcoin	SHA-256	1700000000
ASICS	ASICS	GEASSMINER AM200		1400	1180	Arch Linux			1350	Ethereum	Ethash	230
ASICS	ASICS	Miner DR3 Dash Coin Miner					345	Bitcoin	SHA-256	600000000
ASICS	ASICS	Sapphire miner		Bitmain Firmware			180	Bitcoin	SHA-256	330000000
AMD	AMD	AMD Radeon VII		1750	1100	Windows 10		Phoenix miner 4.2c	296	Ethereum	Ethash	90000000
AMD	MSI	RX 6800 XT		2420	1150			Phoenix Miner 5.2C	120	Ethereum	Ethash	64000000
AMD	AMD	RX 5700 XT		795	1884	Windows 10		Phoenix Miner	106	Ethereum	Ethash	58000000
AMD	SAPPHIRE	RX 470 (!!)		Windows 10	Crimson 17.5.1	Claymore	150	Ethereum	Ethash	57000000
AMD	MSI	RADEON RX VEGA 56		1360	1155	Windows 10	Crimson 43.4.0 Beta 19		300	Ethereum	Ethash	45000000
AMD	XFX	RX VEGA 64		1000	1100	Windows 10	17.8.2	Claymore 9.8	175	Ethereum	Ethash	43600000
AMD	HIS	RX Vega 64 8 gb		963	1100	Windows 10	Crimson 17.8.2	Claymore 9.7	138	Ethereum	Ethash	42500000
AMD	SAPPHIRE	Nitro+ RX VEGA 56 8GB HBM2		1590	945	Windows 10		Claymore	275	Ethereum	Ethash	41600000
AMD	SAPPHIRE	Nitro+ RX VEGA 56 8GB HBM2		1590	945	Windows 10		Claymore	275	Ethereum	Ethash	41600000
AMD	POWERCOLOR	Radeon VII		1895	1050	Windows 10	20.9.1	lolmineur	296	Ethereum	Ethash	39380000
AMD	EVGA	GeForce GTX 1080 TI FTW3 iCX		1923	6000	Windows 10	385.41	Claymore	185	Ethereum	Ethash	39205000
AMD	MSI	MSI RADEON RX 580 GAMING X+ NO OC		1441	2025	Windows 7		Claymore 9.4	150	Ethereum	Ethash	37380000
AMD	SAPPHIRE	R9 HD 7990 6GB GDDR5		950	1500	Claymore	375	Ethereum	Ethash	36000000
AMD	SAPPHIRE	Nitro+ RX VEGA 56 8GB HBM2		1590	800	Windows 10		Claymore	256	Ethereum	Ethash	34800000
AMD	SAPPHIRE	RX 570 Nitro + Hynix memory (Bios modded)		1150	2175	Windows 10	Crimson BETA for blockchain	PIRL	85	Ethereum	Ethash	33000000
AMD	SAPPHIRE	RX 580		1181	2250	Windows 10	BLOCKCHAIN DRIVERS	CLAYMORE	140	Ethereum	Ethash	31800000
AMD	POWERCOLOR	RX 590 Red Devil		1576	2000	Windows 10			120	Ethereum	Ethash	31700000
AMD	AMD	Rx 580 nitro+ 8go micron flashed		1240	2200	Windows 10 pro	Adrenaline 18.3.4	claymore	250	Ethereum	Ethash	31640000
AMD	SAPPHIRE	Rx 580 Nitro+ 8gb SE		1200	2250	Ethos	Ethos 1.3.1	Claymore 11.6	107	Ethereum	Ethash	31600000
AMD	POWERCOLOR	RX 580 RED DEVIL		1250	2225	Windows 10 pro	Crymson Aug 23	Claymore 10.5	130	Ethereum	Ethash	31500000
AMD	MSI	R9 390		1000	1500	Windows 10		Nicehash	275	Ethereum	Ethash	31000000
AMD	AMD	R9 390X 8G			-	-	235	Ethereum	Ethash	30508000
AMD	MSI	R9 290x		1000	1250	Windows 10		Claymore	290	Ethereum	Ethash	30500000
AMD	POWERCOLOR	Radeon VII		1895	1050	Windows 10	20.9.1	lolmineur	296	Ethereum	Ethash	30340000
AMD	SAPPHIRE	RX 580 Pulse 4GB (all stable)		1310	2090	Windows 10		Claymore	150	Ethereum	Ethash	30100000
AMD	MSI	RX 580 Gaming X+ 8GB -96 undervoltage		1375	2150	Windows 10	Crimson 17.5.2	Claymore	150	Ethereum	Ethash	30058000
AMD	XFX	Rx 580 8G		1130	2125	Ubuntu		LOLminer	90	Ethereum	Ethash	30000000
AMD	AMD	AMD R9 Nano 4gb		1000	500	Windows 10		Claymore	175	Ethereum	Ethash	30000000
AMD	SAPPHIRE	RX 580 Nitro 4gb (Undervoltage to -100mVï»¿)		2050	1140	Windows 10		Claymore	150	Ethereum	Ethash	29400000
AMD	MSI	RX 570 GAMING X 4GB TWIN FROZR VI		1165	2055	Windows 10	Crimson Relive 17.5.1	Claymore	150	Ethereum	Ethash	29000000
AMD	MSI	MSI RX 480 4GB		1316	2350	Windows 10		Claymore	150	Ethereum	Ethash	29000000
AMD	MSI	MSI RX 480 8GB		1120	2000	Windows 10		Claymore	150	Ethereum	Ethash	29000000
AMD	SAPPHIRE	Sapphire NITRO RX 480 8GB		1202	2000	Windows 10		Claymore	150	Ethereum	Ethash	29000000
AMD	SAPPHIRE	Sapphire NITRO+ RX 470 8GB		1121	2000	Windows 10		Nicehash	175	Ethereum	Ethash	29000000
AMD	MSI	RX 570 4GB Bios modded		1240	2035	Windows 10	Crimson 17.5.1	Claymore	150	Ethereum	Ethash	28900000
AMD	POWERCOLOR	RX 570 4GB Bios modded		110	2020	Windows 10	Crimson 17.1.1	Claymore	160	Ethereum	Ethash	28756000
AMD	ASUS	RX 570 ROG Strix 4Gb Gaming OC Edition GDDR5		1112	2000	Windows 10	17.5.1	Claymore	150	Ethereum	Ethash	28500000
AMD	ASUS	Sapphire R9 390X 8G		1050	1500	Windows 7 x64	1.2.3	Claymore v9.6	275	Ethereum	Ethash	28500000
AMD	POWERCOLOR	RX 480 8 gb		1120	2000	Windows 10		Claymore	150	Ethereum	Ethash	28000000
AMD	MSI	MSI RX 470 8GB		926	1650	Windows 10		Claymore	120	Ethereum	Ethash	28000000
AMD	ASUS	ASUS RX 470 4GB		926	1650	Windows 10		Nicehash	130	Ethereum	Ethash	28000000
AMD	MSI	MSI ARMOR RX570 4GB		1268	1750	Windows 10		Claymore	120	Ethereum	Ethash	28000000
AMD	SAPPHIRE	Sapphire Nitro+ OC RX 470 4GB		1143	1750	Windows 10		Nicehash	175	Ethereum	Ethash	28000000
AMD	MSI	MSI ARMOR RX 470 4GB		926	1206	Windows 10		Claymore	105	Ethereum	Ethash	28000000
AMD	AMD	R9 Fury X			-	-	298	Ethereum	Ethash	27911000
AMD	SAPPHIRE	RX 570 Nitro + 4 GB Bios modded		Windows 7		CLAYMORE 9.3	160	Ethereum	Ethash	27500000
AMD	MSI	rx 580 4GB after BIOS modding		1100	1900	Windows 10		Claymore	150	Ethereum	Ethash	27500000
AMD	XFX	RX 580 8GB OC+ Bios Modded		1366	2150	Windows 10		Claymore	160	Ethereum	Ethash	27222000
AMD	ASUS	RX 480 8GB OC ROG STRIX GAMING		1120	2000	Windows 10		Claymore	150	Ethereum	Ethash	27000000
AMD	GIGABYTE	RX 580 Gaming 8G (Micron)		1340	2000	Windows 10 pro	18.7.1	ethminer 0.14.0	150	Ethereum	Ethash	26700000
AMD	ASUS	RX 580 ASUS ROG STRIX		1360	2000	Windows 10	Crimson Relive 17.7.2	Claymore 9.8	225	Ethereum	Ethash	26000000
AMD	SAPPHIRE	RX 580 Sapphire Pulse 8gb gddr5		1366	2000				225	Ethereum	Ethash	26000000
AMD	GIGABYTE	Aorus RX 580 XTR 8G			-	-	241	Ethereum	Ethash	25623000
AMD	AORUS	RX 570 AORUS 4GB		1280	1750	Windows 10	17.5.2	Claymore	150	Ethereum	Ethash	25000000
AMD	MSI	R9 280X		850	1500	Windows 10		Claymore	250	Ethereum	Ethash	25000000
AMD	ASUS	ASUS RX 480 4GB		1320 Windows 10		Claymore	150	Ethereum	Ethash	24000000
AMD	ASUS	ASUS RX 470 8GB		1270	2060	Arch Linux		Claymore	120	Ethereum	Ethash	24000000
AMD	XFX	XFX RX 480 8GB		1338	2000	Windows 10		Claymore	150	Ethereum	Ethash	24000000
AMD	SAPPHIRE	Sapphire NITRO RX 480 4GB		1208	1750	Windows 10		Claymore	150	Ethereum	Ethash	24000000
AMD	SAPPHIRE	RX 480 NITRO+ 4GB		1400	2100	Windows 10	Crimson 17.1.1	Claymore 9.8	150	Ethereum	Ethash	23700000
AMD	GIGABYTE	RX 470 modded		1306	1750	Windows 7 x64	Crimson Relive 17.7.2	Claymore v9.7	150	Ethereum	Ethash	23000000
AMD	ASUS	Strix RX 570 OC 4GB (Stock)		Windows 10		Nicehash v1.7.5.13	150	Ethereum	Ethash	22000000
AMD	XFX	RX 470 4GB		1226	1650	Windows 10		Claymore	120	Ethereum	Ethash	22000000
AMD	POWERCOLOR	Radeon RX 470 Red Devil 4 GB		926	1650	Windows 10		claymore	140	Ethereum	Ethash	21000000
AMD	GIGABYTE	Radeon RX 580 8GB		1257	2000	Windows 10		Claymore	185	Ethereum	Ethash	21000000
AMD	SAPPHIRE	R9 380 Nitro 4Gb		985	1450	Windows 10		Claymore	190	Ethereum	Ethash	20500000
AMD	MSI	RX 580 ARMOR 8GB		1366	2000	Windows 10	Crimson 17.7.2	Claymore 9.8	150	Ethereum	Ethash	20000000
AMD	SAPPHIRE	HD 7970 Sapphire Vapor-X		925	1375	Windows 10		Claymore	250	Ethereum	Ethash	20000000
AMD	GIGABYTE	Radeon RX 570 4GB		1168	1750	Windows 10		Claymore	120	Ethereum	Ethash	20000000
AMD	ASUS	R9 280X		850	1500	Windows 10		Claymore	250	Ethereum	Ethash	18000000
AMD	XFX	XFX HD 7970		925	1375	Windows 10		Claymore	250	Ethereum	Ethash	18000000
AMD	MSI	MSI R7 370 4GB		1070	1425	Windows 10		Claymore	110	Ethereum	Ethash	17000000
AMD	GIGABYTE	Gigabyte RX 560 4 GB GAMING OC		1150	2240	Windows 10	17.11.2	Claymore dual miner 10.2	65	Ethereum	Ethash	16300000
AMD	MSI	R9 270X		1000	1400	Windows 10		Claymore	180	Ethereum	Ethash	16000000
AMD	AMD	gpuShack HD 7950		1100			140	Ethereum	Ethash	13000000
AMD	GIGABYTE	RX 560		1175	1750	Windows 10			75	Ethereum	Ethash	11000000
AMD	GIGABYTE	Radeon RX 460 4GB		1200	1750	Windows 10	16.8.1	Claymore	75	Ethereum	Ethash	11000000
AMD	GIGABYTE	RX 470		1230	1650	Windows 7 x64	CrimsonRelive 17.30.1041	Claymore v9.7	150	Ethereum Classic	Ethash	21900000
AMD	AMD	AMD 560 4 GB OC		Windows 10		Ethminer 0.9.41 genoil 1.1.6 pre	80	Ethereum	Ethash	8370000
AMD	AMD	Ryzen 7 1800x		4	2866	Windows 10 pro		xmrig 5.1.1 (randomx)	95	Monero	Cryptonight	5100
AMD	SAPPHIRE	RX 470 nitro -60mV		1150	1950	Windows 10			69	Ubiq	Ethash	28500000
AMD	SAPPHIRE	Amd Vega 64 8Gb +30power limit		1200	1100	Bitmain Firmware	Crimson BETA	Claymore	350	Auroracoin	Scrypt	44000000
AMD	SAPPHIRE	Nitro+ RX VEGA 56 8GB HBM2		1590	945	Windows 10		Claymore	275	Monero	Cryptonight	1915
AMD	SAPPHIRE	Nitro+ RX VEGA 56 8GB HBM2		1590	945	Windows 10		CAST XMR-Miner	245	Monero	Cryptonight	1915
AMD	SAPPHIRE	RX VEGA 56		2016	1600	Windows 10	AMD beta blockhain (17.30.1029)	XMR-STAK-AMD-NOTLS	180	Monero	Cryptonight	1900
AMD	MSI	RADEON RX VEGA 56		950 Windows 10		XMR-STAK-AMD	210	Monero	Cryptonight	1820
AMD	SAPPHIRE	Nitro+ RX VEGA 56 8GB HBM2		1590	800	Windows 10		CAST XMR-Miner	245	Monero	Cryptonight	1605
AMD	AMD	RX VEGA 56 @ 64 BIOS		Windows 10		XMR-STAK-AMD	190	Monero	Cryptonight	1500
AMD	AMD	RX Vega 56 8 GB HBM2 MEMORY				XMR-STAK-AMD	300	Monero	Cryptonight	1500
AMD	AMD	RX VEGA 64 - SINGLE CARD STOCK CORE	1100	Windows 10		XMR-STAK-AMD	290	Monero	Cryptonight	1293
AMD	MSI	VEGA 64 8GB		1702	1100	Windows 10		XMR-STAK-AMD	241	Monero	Cryptonight	1270
AMD	ASUS	RX 570 ASUS STRIX OC 4GB			-	CLAYMORE 9.7	138	Monero	Cryptonight	1149
AMD	ASUS	HD7970		Windows 10		CLAYMORE 9.7	253	Monero	Cryptonight	1120
AMD	AMD	RX VEGA 56 (INTENSITY:1660, WORKSIZE:12, MEM:930 MHZ, GPUFREQ: -3)		Windows 10		XMR-STAK-AMD	220	Monero	Cryptonight	1091
AMD	AMD	VEGA 56 HIS(-33% POWER, 945MHZ HBM2)		Windows 10		XMR-STAK-AMD	102	Monero	Cryptonight	1035
AMD	AMD	RX VEGA 56 HIS		Windows 10		SGMINER	150	Monero	Cryptonight	945
AMD	MSI	RX 570 armor 8gb 0c		1150	2250	Ethos		claymore v11.3	105	Monero	Cryptonight	890
AMD	INTEL	DUAL XEON E5-2670		Ubuntu 16.04		XMRIG	230	Monero	Cryptonight	850
AMD	INTEL	2 X E5-2660 V3 2.60 GHZ 10 CORES 25MB CACHE		Windows Server 2008 R2		CLAYMORE CRYPTONOTE CPU MINER 3.5	105	Monero	Cryptonight	847
AMD	MSI	R9 390 OC		1155	1500	Windows 10		Claymore	258	Monero	Cryptonight	832
AMD	INTEL	2X INTEL XEON E5-2660 V1 8-CORE @ 2.2 GHZ, 20 MB L3 CACHE		Debian 8		XMR-STAK-CPU 1.3.0	95	Monero	Cryptonight	825
AMD	MSI	R9 390		1040	1500	Windows 10		Claymore	258	Monero	Cryptonight	805
AMD	SAPPHIRE	PULSE RX 570 4 GB DDR5		Ubuntu 17.04		XMR-STAK-AMD on simplemine.net	150	Monero	Cryptonight	773
AMD	ASUS	Strix RX 580 8GB		1360	2000	Windows 10	Crimson 17.10.3	Claymore	217	Monero	Cryptonight	720
AMD	SAPPHIRE	Nitro+ RX VEGA 56 8GB HBM2 UNSTABLE		1590	945	Windows 10		Claymore v12.6	255	Zcash	Equihash	480
AMD	AMD	RX 580 4GB OC -30 mV		1289	2033	Windows 10	17.9.3	Claymore	160	Monero	Cryptonight	645
AMD	POWERCOLOR	RX 480 OC		1365	1750	Windows 10		Claymore	165	Monero	Cryptonight	644
AMD	POWERCOLOR	RX 480 stock		1266	1750	Windows 10		Claymore	135	Monero	Cryptonight	636
AMD	MSI	MSI ARMOR RADEON RX580		Windows 10		CLAYMORE CRYPTONOTE GPU MINER V9.7 BETA	185	Monero	Cryptonight	634
AMD	MSI	RX VEGA 56 8GB		1615	1000	Windows 10	Crimson 4.4.0 Beta 19	Claymore	300	Zcash	Equihash	470
AMD	SAPPHIRE	RX 580 NITRO+ HYNIX 4GB		Ethos		ETHOS MONERO MINER	75	Monero	Cryptonight	629
AMD	SAPPHIRE	Nitro+ RX VEGA 56 8GB HBM2		1590	800	Windows 10		Claymore v12.6	220	Zcash	Equihash	464
AMD	AMD	RYZEN 7 1700		Windows 10		XMR-STAK-CPU	78	Monero	Cryptonight	610
AMD	ASUS	RX 570 expedition		1255	1750	Windows 10	17.7	Claymore CryptoNote 9.7 Beta	150	Monero	Cryptonight	578
AMD	SAPPHIRE	SAPPHIRE NITRO R9 FURY		Ubuntu 16.04		CLAYMORE 11.1	260	Zcash	Equihash	420
AMD	SAPPHIRE	SAPPHIRE NITRO R9 FURY		1050	1000	Ubuntu 16.04		Claymore 11.1	260	Zcash	Equihash	420
AMD	GIGABYTE	GIGABYTE GTX 1070		Windows 10		EWBF'S CUDA MINER 0.2.0b	150	Zcash	Equihash	410
AMD	SAPPHIRE	RX 470 Nitro		1050	1850	Windows 10	Crimson 16.11.5	BBT Multiminer	150	Monero	Cryptonight	520
AMD	SAPPHIRE	Vapor-x 7970 OC		1180	1500			Claymore	182	Monero	Cryptonight	501
AMD	ASUS	R7 370 Strixx Stock		1175	1400	Windows 10		Claymore	131	Monero	Cryptonight	494
AMD	XFX	7970 OC		1125	1375	Windows 10		Claymore	165	Monero	Cryptonight	493
AMD	SAPPHIRE	HD 7970 Vapor-X		1050	1500	Windows 10		Claymore	178	Monero	Cryptonight	482
AMD	GIGABYTE	RX 550		1250	1825	Windows 10		XMR Stak	49	Monero	Cryptonight	475
AMD	ASUS	R7 370 Strixx Stock		1050	1400	Windows 10		Claymore	127	Monero	Cryptonight	462
AMD	XFX	7970 stock		925	1375	Windows 10		Claymore	153	Monero	Cryptonight	464
AMD	AMD	ATI RADEON R9 390		Windows 7 x64		CLAYMORE'S ZCASH AMD GPU MINER v11.1	285	Zcash	Equihash	334
AMD	AMD	OEM R9 370 OC		975	1400	Windows 10		Claymore	126	Monero	Cryptonight	446
AMD	GIGABYTE	GYGABYTE 7950		Windows 10		CLAYMORE V12.4	180	Zcash	Equihash	320
AMD	MSI	R9 390		1130	1540	Ethos		Claymore	260	Zcash	Equihash	290
AMD	AMD	sapphire RX 570 Pulse 4GB - moded bios + patch		1284	1750	Windows 10	Radeon Software Version 18.2.3	Claymore's ZCash AMD GPU Miner. 12.6	116	Zcash	Equihash	287
AMD	MSI	MSI R7950		Windows 10		CLAYMORE V12.4	150	Zcash	Equihash	280
AMD	MSI	MSI RADEON RX 470 GAMING		Ethos		CLAYMORE'S ZCASH AMD GPU MINER V12.4	130	Zcash	Equihash	278
AMD	AMD	Gigabyte HD 7950		1250	800	Windows 10		Claymore	140	Zcash	Equihash	277
AMD	SAPPHIRE	RX 470 nitro -60mV		1150	1950	Windows 10			72	Zcash	Equihash	275
AMD	ASUS	RX 570 ROG Strix 4Gb Gaming OC Edition GDDR5		1112	2000	Windows 10	17.5.1	Claymore	150	Zcash	Equihash	267
AMD	XFX	XFX RADEON RS RX 480 8 GB		1288	8000	Ubuntu 16.04		Claymore 11.1	150	Zcash	Equihash	260
AMD	AMD	AMD Radeon HD 6750M		600	800	Windows 10	15.201.1151.1008-151104a-296217E	MinerGate	100	Ethereum	Ethash	283000
AMD	HIS	HIS RX 480		Windows 7 x64		CLAYMORE 9.2 AND CATALYST 16.12.2	150	Zcash	Equihash	238
AMD	SAPPHIRE	SAPPHIRE 7950 DUAL-X		Windows 7 x64		CLAYMORE 12.4	180	Zcash	Equihash	210
AMD	SAPPHIRE	SAPPHIRE 7950 DUAL-X 3GB		Windows 7 x64		Claymore 12.4	180	Zcash	Equihash	210
AMD	GIGABYTE	RX 550		1250	1825	Windows 10		Claymore	50	Zcash	Equihash	180
AMD	XFX	R9 380 2GB		990 Windows 7	17.7.5	nicehash	180	Zcash	Equihash	180
AMD	ASUS	ASUS RADEON RX 460 (ASUS DUAL-RX460-2G)		Windows 7 x64		CLAYMORE'S ZCASH AMD GPU MINER V12.4	46	Zcash	Equihash	117
AMD	ASUS	RX 460 Bios modded		1250	2000	Windows 10	16.12.2	Claymore	166	Zcash	Equihash	99
AMD	INTEL	2X INTEL XEON E5 2699V3@2.3GHZ (2X18 CORES, 2X45MB CACHE)		Ubuntu 16.04		LUKMINER	145	Bitcoin	SHA-256	1540
AMD	INTEL	2 X 22-CORE INTEL E5-2699V4 2.1GHZ (BETA MODEL)		Centos 7		XMR-STAK-CPU	330	Bitcoin	SHA-256	1590
AMD	HIS	HIS RX 480		1288	8000	Windows 7 x64		CLAYMORE v9.2	150	Ethereum	Ethash	238
AMD	AMD						0	Auroracoin	Scrypt	0
