GPU	Manufacter	Model	Core Clock	Mem Clock	Operating system	Driver Version	Mining Software	Power Consumption	Currency	Algorythm	Speed	Revenue / Day	Revenue / Month	Hashrate / Watt	Revenue / Month (electricity deducted)
AMD	AMD	AMD Radeon VII	1750	1100	Windows 10		Phoenix miner 4.2c	296	Ethereum	Ethash	90000000	$ 11.25	$ 337.51	0.30	$ 311.08
AMD	MSI	RX 6800 XT	2420	1150			Phoenix Miner 5.2C	120	Ethereum	Ethash	64000000	$ 8.00	$ 240.01	0.53	$ 229.30
AMD	AMD	RX 5700 XT	795	1884	Windows 10		Phoenix Miner	106	Ethereum	Ethash	58000000	$ 7.25	$ 217.51	0.55	$ 208.05
AMD	SAPPHIRE	RX 470 (!!)			Windows 10	Crimson 17.5.1	Claymore	150	Ethereum	Ethash	57000000	$ 7.13	$ 213.76	0.38	$ 200.37
AMD	MSI	RADEON RX VEGA 56	1360	1155	Windows 10	Crimson 43.4.0 Beta 19		300	Ethereum	Ethash	45000000	$ 5.63	$ 168.75	0.15	$ 141.97
AMD	XFX	RX VEGA 64	1000	1100	Windows 10	17.8.2	Claymore 9.8	175	Ethereum	Ethash	43600000	$ 5.45	$ 163.50	0.25	$ 147.88
AMD	HIS	RX Vega 64 8 gb	963	1100	Windows 10	Crimson 17.8.2	Claymore 9.7	138	Ethereum	Ethash	42500000	$ 5.31	$ 159.38	0.31	$ 147.06
AMD	SAPPHIRE	Nitro+ RX VEGA 56 8GB HBM2	1590	945	Windows 10		Claymore	275	Ethereum	Ethash	41600000	$ 5.20	$ 156.00	0.15	$ 131.45
AMD	SAPPHIRE	Nitro+ RX VEGA 56 8GB HBM2	1590	945	Windows 10		Claymore	275	Ethereum	Ethash	41600000	$ 5.20	$ 156.00	0.15	$ 131.45
AMD	POWERCOLOR	Radeon VII	1895	1050	Windows 10	20.9.1	lolmineur	296	Ethereum	Ethash	39380000	$ 4.92	$ 147.68	0.13	$ 121.25
AMD	EVGA	GeForce GTX 1080 TI FTW3 iCX	1923	6000	Windows 10	385.41	Claymore	185	Ethereum	Ethash	39205000	$ 4.90	$ 147.02	0.21	$ 130.50
AMD	MSI	MSI RADEON RX 580 GAMING X+ NO OC	1441	2025	Windows 7		Claymore 9.4	150	Ethereum	Ethash	37380000	$ 4.67	$ 140.18	0.25	$ 126.79
AMD	SAPPHIRE	R9 HD 7990 6GB GDDR5	950	1500			Claymore	375	Ethereum	Ethash	36000000	$ 4.50	$ 135.00		$ 101.52
AMD	SAPPHIRE	Nitro+ RX VEGA 56 8GB HBM2	1590	800	Windows 10		Claymore	256	Ethereum	Ethash	34800000	$ 4.35	$ 130.50	0.14	$ 107.64
AMD	SAPPHIRE	RX 570 Nitro + Hynix memory (Bios modded)	1150	2175	Windows 10	Crimson BETA for blockchain	PIRL	85	Ethereum	Ethash	33000000	$ 4.13	$ 123.75	0.39	$ 116.16
AMD	SAPPHIRE	RX 580	1181	2250	Windows 10	BLOCKCHAIN DRIVERS	CLAYMORE	140	Ethereum	Ethash	31800000	$ 3.98	$ 119.25	0.23	$ 106.75
AMD	POWERCOLOR	RX 590 Red Devil	1576	2000	Windows 10			120	Ethereum	Ethash	31700000	$ 3.96	$ 118.88	0.26	$ 108.17
AMD	AMD	Rx 580 nitro+ 8go micron flashed	1240	2200	Windows 10 pro	Adrenaline 18.3.4	claymore	250	Ethereum	Ethash	31640000	$ 3.96	$ 118.65	0.13	$ 96.33
AMD	SAPPHIRE	Rx 580 Nitro+ 8gb SE	1200	2250	Ethos	Ethos 1.3.1	Claymore 11.6	107	Ethereum	Ethash	31600000	$ 3.95	$ 118.50	0.30	$ 108.95
AMD	POWERCOLOR	RX 580 RED DEVIL	1250	2225	Windows 10 pro	Crymson Aug 23	Claymore 10.5	130	Ethereum	Ethash	31500000	$ 3.94	$ 118.13	0.24	$ 106.52
AMD	MSI	R9 390	1000	1500	Windows 10		Nicehash	275	Ethereum	Ethash	31000000	$ 3.88	$ 116.25	0.11	$ 91.70
AMD	AMD	R9 390X 8G						235	Ethereum	Ethash	30508000	$ 3.81	$ 114.41	0.13	$ 93.43
AMD	MSI	R9 290x	1000	1250	Windows 10		Claymore	290	Ethereum	Ethash	30500000	$ 3.81	$ 114.38	0.11	$ 88.49
AMD	POWERCOLOR	Radeon VII	1895	1050	Windows 10	20.9.1	lolmineur	296	Ethereum	Ethash	30340000	$ 3.79	$ 113.78	0.10	$ 87.35
AMD	SAPPHIRE	RX 580 Pulse 4GB (all stable)	1310	2090	Windows 10		Claymore	150	Ethereum	Ethash	30100000	$ 3.76	$ 112.88	0.20	$ 99.49
AMD	MSI	RX 580 Gaming X+ 8GB -96 undervoltage	1375	2150	Windows 10	Crimson 17.5.2	Claymore	150	Ethereum	Ethash	30058000	$ 3.76	$ 112.72	0.20	$ 99.33
AMD	XFX	Rx 580 8G	1130	2125	Ubuntu		LOLminer	90	Ethereum	Ethash	30000000	$ 3.75	$ 112.50	0.33	$ 104.46
AMD	AMD	AMD R9 Nano 4gb	1000	500	Windows 10		Claymore	175	Ethereum	Ethash	30000000	$ 3.75	$ 112.50	0.17	$ 96.88
AMD	SAPPHIRE	RX 580 Nitro 4gb (Undervoltage to -100mVï»¿)	2050	1140	Windows 10		Claymore	150	Ethereum	Ethash	29400000	$ 3.68	$ 110.25	0.20	$ 96.86
AMD	MSI	RX 570 GAMING X 4GB TWIN FROZR VI	1165	2055	Windows 10	Crimson Relive 17.5.1	Claymore	150	Ethereum	Ethash	29000000	$ 3.63	$ 108.75	0.19	$ 95.36
AMD	MSI	MSI RX 480 4GB	1316	2350	Windows 10		Claymore	150	Ethereum	Ethash	29000000	$ 3.63	$ 108.75	0.19	$ 95.36
AMD	MSI	MSI RX 480 8GB	1120	2000	Windows 10		Claymore	150	Ethereum	Ethash	29000000	$ 3.63	$ 108.75	0.19	$ 95.36
AMD	SAPPHIRE	Sapphire NITRO RX 480 8GB	1202	2000	Windows 10		Claymore	150	Ethereum	Ethash	29000000	$ 3.63	$ 108.75	0.19	$ 95.36
AMD	SAPPHIRE	Sapphire NITRO+ RX 470 8GB	1121	2000	Windows 10		Nicehash	175	Ethereum	Ethash	29000000	$ 3.63	$ 108.75	0.17	$ 93.13
AMD	MSI	RX 570 4GB Bios modded	1240	2035	Windows 10	Crimson 17.5.1	Claymore	150	Ethereum	Ethash	28900000	$ 3.61	$ 108.38	0.19	$ 94.99
AMD	POWERCOLOR	RX 570 4GB Bios modded	110	2020	Windows 10	Crimson 17.1.1	Claymore	160	Ethereum	Ethash	28756000	$ 3.59	$ 107.84	0.18	$ 93.56
AMD	ASUS	RX 570 ROG Strix 4Gb Gaming OC Edition GDDR5	1112	2000	Windows 10	17.5.1	Claymore	150	Ethereum	Ethash	28500000	$ 3.56	$ 106.88	0.19	$ 93.49
AMD	ASUS	Sapphire R9 390X 8G	1050	1500	Windows 7 x64	1.2.3	Claymore v9.6	275	Ethereum	Ethash	28500000	$ 3.56	$ 106.88	0.10	$ 82.33
AMD	POWERCOLOR	RX 480 8 gb	1120	2000	Windows 10		Claymore	150	Ethereum	Ethash	28000000	$ 3.50	$ 105.00	0.19	$ 91.61
AMD	MSI	MSI RX 470 8GB	926	1650	Windows 10		Claymore	120	Ethereum	Ethash	28000000	$ 3.50	$ 105.00	0.23	$ 94.29
AMD	ASUS	ASUS RX 470 4GB	926	1650	Windows 10		Nicehash	130	Ethereum	Ethash	28000000	$ 3.50	$ 105.00	0.22	$ 93.39
AMD	MSI	MSI ARMOR RX570 4GB	1268	1750	Windows 10		Claymore	120	Ethereum	Ethash	28000000	$ 3.50	$ 105.00	0.23	$ 94.29
AMD	SAPPHIRE	Sapphire Nitro+ OC RX 470 4GB	1143	1750	Windows 10		Nicehash	175	Ethereum	Ethash	28000000	$ 3.50	$ 105.00	0.16	$ 89.38
AMD	MSI	MSI ARMOR RX 470 4GB	926	1206	Windows 10		Claymore	105	Ethereum	Ethash	28000000	$ 3.50	$ 105.00	0.27	$ 95.63
AMD	AMD	R9 Fury X						298	Ethereum	Ethash	27911000	$ 3.49	$ 104.67		$ 78.06
AMD	SAPPHIRE	RX 570 Nitro + 4 GB Bios modded			Windows 7		CLAYMORE 9.3	160	Ethereum	Ethash	27500000	$ 3.44	$ 103.13	0.17	$ 88.85
AMD	MSI	rx 580 4GB after BIOS modding	1100	1900	Windows 10		Claymore	150	Ethereum	Ethash	27500000	$ 3.44	$ 103.13	0.18	$ 89.74
AMD	XFX	RX 580 8GB OC+ Bios Modded	1366	2150	Windows 10		Claymore	160	Ethereum	Ethash	27222000	$ 3.40	$ 102.09	0.17	$ 87.81
AMD	ASUS	RX 480 8GB OC ROG STRIX GAMING	1120	2000	Windows 10		Claymore	150	Ethereum	Ethash	27000000	$ 3.38	$ 101.25	0.18	$ 87.86
AMD	GIGABYTE	RX 580 Gaming 8G (Micron)	1340	2000	Windows 10 pro	18.7.1	ethminer 0.14.0	150	Ethereum	Ethash	26700000	$ 3.34	$ 100.13	0.18	$ 86.74
AMD	ASUS	RX 580 ASUS ROG STRIX	1360	2000	Windows 10	Crimson Relive 17.7.2	Claymore 9.8	225	Ethereum	Ethash	26000000	$ 3.25	$ 97.50	0.12	$ 77.41
AMD	SAPPHIRE	RX 580 Sapphire Pulse 8gb gddr5	1366	2000				225	Ethereum	Ethash	26000000	$ 3.25	$ 97.50	0.12	$ 77.41
AMD	GIGABYTE	Aorus RX 580 XTR 8G						241	Ethereum	Ethash	25623000	$ 3.20	$ 96.09	0.11	$ 74.57
AMD	AORUS	RX 570 AORUS 4GB	1280	1750	Windows 10	17.5.2	Claymore	150	Ethereum	Ethash	25000000	$ 3.13	$ 93.75	0.17	$ 80.36
AMD	MSI	R9 280X	850	1500	Windows 10		Claymore	250	Ethereum	Ethash	25000000	$ 3.13	$ 93.75	0.10	$ 71.43
AMD	ASUS	ASUS RX 480 4GB	1320		Windows 10		Claymore	150	Ethereum	Ethash	24000000	$ 3.00	$ 90.00	0.16	$ 76.61
AMD	ASUS	ASUS RX 470 8GB	1270	2060	Arch Linux		Claymore	120	Ethereum	Ethash	24000000	$ 3.00	$ 90.00	0.20	$ 79.29
AMD	XFX	XFX RX 480 8GB	1338	2000	Windows 10		Claymore	150	Ethereum	Ethash	24000000	$ 3.00	$ 90.00	0.16	$ 76.61
AMD	SAPPHIRE	Sapphire NITRO RX 480 4GB	1208	1750	Windows 10		Claymore	150	Ethereum	Ethash	24000000	$ 3.00	$ 90.00	0.16	$ 76.61
AMD	SAPPHIRE	RX 480 NITRO+ 4GB	1400	2100	Windows 10	Crimson 17.1.1	Claymore 9.8	150	Ethereum	Ethash	23700000	$ 2.96	$ 88.88	0.16	$ 75.49
AMD	GIGABYTE	RX 470 modded	1306	1750	Windows 7 x64	Crimson Relive 17.7.2	Claymore v9.7	150	Ethereum	Ethash	23000000	$ 2.88	$ 86.25	0.15	$ 72.86
AMD	ASUS	Strix RX 570 OC 4GB (Stock)			Windows 10		Nicehash v1.7.5.13	150	Ethereum	Ethash	22000000	$ 2.75	$ 82.50	0.15	$ 69.11
AMD	XFX	RX 470 4GB	1226	1650	Windows 10		Claymore	120	Ethereum	Ethash	22000000	$ 2.75	$ 82.50	0.18	$ 71.79
AMD	POWERCOLOR	Radeon RX 470 Red Devil 4 GB	926	1650	Windows 10		claymore	140	Ethereum	Ethash	21000000	$ 2.63	$ 78.75	0.15	$ 66.25
AMD	GIGABYTE	Radeon RX 580 8GB	1257	2000	Windows 10		Claymore	185	Ethereum	Ethash	21000000	$ 2.63	$ 78.75	0.11	$ 62.23
AMD	SAPPHIRE	R9 380 Nitro 4Gb	985	1450	Windows 10		Claymore	190	Ethereum	Ethash	20500000	$ 2.56	$ 76.88	0.11	$ 59.92
AMD	MSI	RX 580 ARMOR 8GB	1366	2000	Windows 10	Crimson 17.7.2	Claymore 9.8	150	Ethereum	Ethash	20000000	$ 2.50	$ 75.00	0.13	$ 61.61
AMD	SAPPHIRE	HD 7970 Sapphire Vapor-X	925	1375	Windows 10		Claymore	250	Ethereum	Ethash	20000000	$ 2.50	$ 75.00		$ 52.68
AMD	GIGABYTE	Radeon RX 570 4GB	1168	1750	Windows 10		Claymore	120	Ethereum	Ethash	20000000	$ 2.50	$ 75.00	0.17	$ 64.29
AMD	ASUS	R9 280X	850	1500	Windows 10		Claymore	250	Ethereum	Ethash	18000000	$ 2.25	$ 67.50		$ 45.18
AMD	XFX	XFX HD 7970	925	1375	Windows 10		Claymore	250	Ethereum	Ethash	18000000	$ 2.25	$ 67.50		$ 45.18
AMD	MSI	MSI R7 370 4GB	1070	1425	Windows 10		Claymore	110	Ethereum	Ethash	17000000	$ 2.13	$ 63.75	0.15	$ 53.93
AMD	GIGABYTE	Gigabyte RX 560 4 GB GAMING OC	1150	2240	Windows 10	17.11.2	Claymore dual miner 10.2	65	Ethereum	Ethash	16300000	$ 2.04	$ 61.13	0.25	$ 55.33
AMD	MSI	R9 270X	1000	1400	Windows 10		Claymore	180	Ethereum	Ethash	16000000	$ 2.00	$ 60.00		$ 43.93
AMD	AMD	gpuShack HD 7950	1100					140	Ethereum	Ethash	13000000	$ 1.63	$ 48.75		$ 36.25
AMD	GIGABYTE	RX 560	1175	1750	Windows 10			75	Ethereum	Ethash	11000000	$ 1.38	$ 41.25	0.15	$ 34.55
AMD	GIGABYTE	Radeon RX 460 4GB	1200	1750	Windows 10	16.8.1	Claymore	75	Ethereum	Ethash	11000000	$ 1.38	$ 41.25	0.15	$ 34.55
AMD	AMD	AMD 560 4 GB OC			Windows 10		Ethminer 0.9.41 genoil 1.1.6 pre	80	Ethereum	Ethash	8370000	$ 1.05	$ 31.39	0.10	$ 24.25
AMD	GIGABYTE	RX 470	1230	1650	Windows 7 x64	CrimsonRelive 17.30.1041	Claymore v9.7	150	Ethereum Classic	Ethash	21900000	$ 0.94	$ 28.12	0.15	$ 14.73
AMD	AMD	Ryzen 7 1800x	4	2866	Windows 10 pro		xmrig 5.1.1 (randomx)	95	Monero	Cryptonight	5100	$ 0.42	$ 12.56		$ 4.08
AMD	SAPPHIRE	RX 470 nitro -60mV	1150	1950	Windows 10			69	Ubiq	Ethash	28500000	$ 0.23	$ 6.81	0.41	$ 0.65
AMD	SAPPHIRE	Amd Vega 64 8Gb +30power limit	1200	1100	Bitmain Firmware	Crimson BETA	Claymore	350	Auroracoin	Scrypt	44000000	$ 0.23	$ 6.77	0.13	$ -24.48
AMD	SAPPHIRE	Nitro+ RX VEGA 56 8GB HBM2	1590	945	Windows 10		Claymore	275	Monero	Cryptonight	1915	$ 0.16	$ 4.71		$ -19.84
AMD	SAPPHIRE	Nitro+ RX VEGA 56 8GB HBM2	1590	945	Windows 10		CAST XMR-Miner	245	Monero	Cryptonight	1915	$ 0.16	$ 4.71		$ -17.16
AMD	SAPPHIRE	RX VEGA 56	2016	1600	Windows 10	AMD beta blockhain (17.30.1029)	XMR-STAK-AMD-NOTLS	180	Monero	Cryptonight	1900	$ 0.16	$ 4.68		$ -11.39
AMD	MSI	RADEON RX VEGA 56	950		Windows 10		XMR-STAK-AMD	210	Monero	Cryptonight	1820	$ 0.15	$ 4.48		$ -14.27
AMD	SAPPHIRE	Nitro+ RX VEGA 56 8GB HBM2	1590	800	Windows 10		CAST XMR-Miner	245	Monero	Cryptonight	1605	$ 0.13	$ 3.95		$ -17.92
AMD	AMD	RX VEGA 56 @ 64 BIOS			Windows 10		XMR-STAK-AMD	190	Monero	Cryptonight	1500	$ 0.12	$ 3.69		$ -13.27
AMD	AMD	RX Vega 56 8 GB HBM2 MEMORY					XMR-STAK-AMD	300	Monero	Cryptonight	1500	$ 0.12	$ 3.69		$ -23.09
AMD	AMD	RX VEGA 64 - SINGLE CARD STOCK CORE		1100	Windows 10		XMR-STAK-AMD	290	Monero	Cryptonight	1293	$ 0.11	$ 3.18		$ -22.71
AMD	MSI	VEGA 64 8GB	1702	1100	Windows 10		XMR-STAK-AMD	241	Monero	Cryptonight	1270	$ 0.10	$ 3.13		$ -18.39
AMD	ASUS	RX 570 ASUS STRIX OC 4GB					CLAYMORE 9.7	138	Monero	Cryptonight	1149	$ 0.09	$ 2.83		$ -9.49
AMD	ASUS	HD7970			Windows 10		CLAYMORE 9.7	253	Monero	Cryptonight	1120	$ 0.09	$ 2.76		$ -19.83
AMD	AMD	RX VEGA 56 (INTENSITY:1660, WORKSIZE:12, MEM:930 MHZ, GPUFREQ: -3)			Windows 10		XMR-STAK-AMD	220	Monero	Cryptonight	1091	$ 0.09	$ 2.69		$ -16.95
AMD	AMD	VEGA 56 HIS(-33% POWER, 945MHZ HBM2)			Windows 10		XMR-STAK-AMD	102	Monero	Cryptonight	1035	$ 0.08	$ 2.55		$ -6.56
AMD	AMD	RX VEGA 56 HIS			Windows 10		SGMINER	150	Monero	Cryptonight	945	$ 0.08	$ 2.33		$ -11.06
AMD	MSI	RX 570 armor 8gb 0c	1150	2250	Ethos		claymore v11.3	105	Monero	Cryptonight	890	$ 0.07	$ 2.19		$ -7.18
AMD	INTEL	2 X E5-2660 V3 2.60 GHZ 10 CORES 25MB CACHE			Windows Server 2008 R2		CLAYMORE CRYPTONOTE CPU MINER 3.5	105	Monero	Cryptonight	847	$ 0.07	$ 2.09		$ -7.28
AMD	INTEL	DUAL XEON E5-2670			Ubuntu 16.04		XMRIG	230	Monero	Cryptonight	850	$ 0.07	$ 2.09		$ -18.44
AMD	MSI	R9 390 OC	1155	1500	Windows 10		Claymore	258	Monero	Cryptonight	832	$ 0.07	$ 2.05		$ -20.98
AMD	INTEL	2X INTEL XEON E5-2660 V1 8-CORE @ 2.2 GHZ, 20 MB L3 CACHE			Debian 8		XMR-STAK-CPU 1.3.0	95	Monero	Cryptonight	825	$ 0.07	$ 2.03		$ -6.45
AMD	MSI	R9 390	1040	1500	Windows 10		Claymore	258	Monero	Cryptonight	805	$ 0.07	$ 1.98		$ -21.05
AMD	SAPPHIRE	Nitro+ RX VEGA 56 8GB HBM2 UNSTABLE	1590	945	Windows 10		Claymore v12.6	255	Zcash	Equihash	480	$ 0.06	$ 1.92		$ -20.85
AMD	SAPPHIRE	PULSE RX 570 4 GB DDR5			Ubuntu 17.04		XMR-STAK-AMD on simplemine.net	150	Monero	Cryptonight	773	$ 0.06	$ 1.90		$ -11.49
AMD	MSI	RX VEGA 56 8GB	1615	1000	Windows 10	Crimson 4.4.0 Beta 19	Claymore	300	Zcash	Equihash	470	$ 0.06	$ 1.88		$ -24.90
AMD	SAPPHIRE	Nitro+ RX VEGA 56 8GB HBM2	1590	800	Windows 10		Claymore v12.6	220	Zcash	Equihash	464	$ 0.06	$ 1.85		$ -17.79
AMD	ASUS	Strix RX 580 8GB	1360	2000	Windows 10	Crimson 17.10.3	Claymore	217	Monero	Cryptonight	720	$ 0.06	$ 1.77		$ -17.60
AMD	SAPPHIRE	SAPPHIRE NITRO R9 FURY			Ubuntu 16.04		CLAYMORE 11.1	260	Zcash	Equihash	420	$ 0.06	$ 1.68		$ -21.53
AMD	SAPPHIRE	SAPPHIRE NITRO R9 FURY	1050	1000	Ubuntu 16.04		Claymore 11.1	260	Zcash	Equihash	420	$ 0.06	$ 1.68		$ -21.53
AMD	GIGABYTE	GIGABYTE GTX 1070			Windows 10		EWBF'S CUDA MINER 0.2.0b	150	Zcash	Equihash	410	$ 0.05	$ 1.64		$ -11.75
AMD	AMD	RX 580 4GB OC -30 mV	1289	2033	Windows 10	17.9.3	Claymore	160	Monero	Cryptonight	645	$ 0.05	$ 1.59		$ -12.69
AMD	POWERCOLOR	RX 480 OC	1365	1750	Windows 10		Claymore	165	Monero	Cryptonight	644	$ 0.05	$ 1.59		$ -13.14
AMD	POWERCOLOR	RX 480 stock	1266	1750	Windows 10		Claymore	135	Monero	Cryptonight	636	$ 0.05	$ 1.57		$ -10.48
AMD	MSI	MSI ARMOR RADEON RX580			Windows 10		CLAYMORE CRYPTONOTE GPU MINER V9.7 BETA	185	Monero	Cryptonight	634	$ 0.05	$ 1.56		$ -14.96
AMD	SAPPHIRE	RX 580 NITRO+ HYNIX 4GB			Ethos		ETHOS MONERO MINER	75	Monero	Cryptonight	629	$ 0.05	$ 1.55		$ -5.15
AMD	AMD	RYZEN 7 1700			Windows 10		XMR-STAK-CPU	78	Monero	Cryptonight	610	$ 0.05	$ 1.50		$ -5.46
AMD	ASUS	RX 570 expedition	1255	1750	Windows 10	17.7	Claymore CryptoNote 9.7 Beta	150	Monero	Cryptonight	578	$ 0.05	$ 1.42		$ -11.97
AMD	AMD	ATI RADEON R9 390			Windows 7 x64		CLAYMORE'S ZCASH AMD GPU MINER v11.1	285	Zcash	Equihash	334	$ 0.04	$ 1.33		$ -24.11
AMD	SAPPHIRE	RX 470 Nitro	1050	1850	Windows 10	Crimson 16.11.5	BBT Multiminer	150	Monero	Cryptonight	520	$ 0.04	$ 1.28		$ -12.11
AMD	GIGABYTE	GYGABYTE 7950			Windows 10		CLAYMORE V12.4	180	Zcash	Equihash	320	$ 0.04	$ 1.28		$ -14.79
AMD	SAPPHIRE	Vapor-x 7970 OC	1180	1500			Claymore	182	Monero	Cryptonight	501	$ 0.04	$ 1.23		$ -15.02
AMD	ASUS	R7 370 Strixx Stock	1175	1400	Windows 10		Claymore	131	Monero	Cryptonight	494	$ 0.04	$ 1.22		$ -10.48
AMD	XFX	7970 OC	1125	1375	Windows 10		Claymore	165	Monero	Cryptonight	493	$ 0.04	$ 1.21		$ -13.52
AMD	SAPPHIRE	HD 7970 Vapor-X	1050	1500	Windows 10		Claymore	178	Monero	Cryptonight	482	$ 0.04	$ 1.19		$ -14.70
AMD	GIGABYTE	RX 550	1250	1825	Windows 10		XMR Stak	49	Monero	Cryptonight	475	$ 0.04	$ 1.17		$ -3.20
AMD	MSI	R9 390	1130	1540	Ethos		Claymore	260	Zcash	Equihash	290	$ 0.04	$ 1.16		$ -22.05
AMD	AMD	sapphire RX 570 Pulse 4GB - moded bios + patch	1284	1750	Windows 10	Radeon Software Version 18.2.3	Claymore's ZCash AMD GPU Miner. 12.6	116	Zcash	Equihash	287	$ 0.04	$ 1.15		$ -9.21
AMD	ASUS	R7 370 Strixx Stock	1050	1400	Windows 10		Claymore	127	Monero	Cryptonight	462	$ 0.04	$ 1.14		$ -10.20
AMD	XFX	7970 stock	925	1375	Windows 10		Claymore	153	Monero	Cryptonight	464	$ 0.04	$ 1.14		$ -12.52
AMD	MSI	MSI R7950			Windows 10		CLAYMORE V12.4	150	Zcash	Equihash	280	$ 0.04	$ 1.12		$ -12.27
AMD	MSI	MSI RADEON RX 470 GAMING			Ethos		CLAYMORE'S ZCASH AMD GPU MINER V12.4	130	Zcash	Equihash	278	$ 0.04	$ 1.11		$ -10.50
AMD	AMD	Gigabyte HD 7950	1250	800	Windows 10		Claymore	140	Zcash	Equihash	277	$ 0.04	$ 1.11		$ -11.39
AMD	SAPPHIRE	RX 470 nitro -60mV	1150	1950	Windows 10			72	Zcash	Equihash	275	$ 0.04	$ 1.10		$ -5.33
AMD	AMD	OEM R9 370 OC	975	1400	Windows 10		Claymore	126	Monero	Cryptonight	446	$ 0.04	$ 1.10		$ -10.15
AMD	ASUS	RX 570 ROG Strix 4Gb Gaming OC Edition GDDR5	1112	000	Windows 10	17.5.1	Claymore	150	Zcash	Equihash	267	$ 0.04	$ 1.07		$ -12.32
AMD	AMD	AMD Radeon HD 6750M	600	800	Windows 10	15.201.1151.1008-151104a-296217E	MinerGate	100	Ethereum	Ethash	283000	$ 0.04	$ 1.06		$ -7.87
AMD	XFX	XFX RADEON RS RX 480 8 GB	1288	8000	Ubuntu 16.04		Claymore 11.1	150	Zcash	Equihash	260	$ 0.03	$ 1.04		$ -12.35
AMD	HIS	HIS RX 480			Windows 7 x64		CLAYMORE 9.2 AND CATALYST 16.12.2	150	Zcash	Equihash	238	$ 0.03	$ 0.95		$ -12.44
AMD	SAPPHIRE	SAPPHIRE 7950 DUAL-X			Windows 7 x64		CLAYMORE 12.4	180	Zcash	Equihash	210	$ 0.03	$ 0.84		$ -15.23
AMD	SAPPHIRE	SAPPHIRE 7950 DUAL-X 3GB			Windows 7 x64		Claymore 12.4	180	Zcash	Equihash	210	$ 0.03	$ 0.84		$ -15.23
AMD	GIGABYTE	RX 550	1250	1825	Windows 10		Claymore	50	Zcash	Equihash	180	$ 0.02	$ 0.72		$ -3.74
AMD	XFX	R9 380 2GB	990		Windows 7	17.7.5	nicehash	180	Zcash	Equihash	180	$ 0.02	$ 0.72		$ -15.35
AMD	ASUS	ASUS RADEON RX 460 (ASUS DUAL-RX460-2G)			Windows 7 x64		CLAYMORE'S ZCASH AMD GPU MINER V12.4	46	Zcash	Equihash	117	$ 0.02	$ 0.47		$ -3.64
AMD	ASUS	RX 460 Bios modded	1250	2000	Windows 10	16.12.2	Claymore	166	Zcash	Equihash	99	$ 0.01	$ 0.40		$ -14.42
AMD	INTEL	2X INTEL XEON E5 2699V3@2.3GHZ (2X18 CORES, 2X45MB CACHE)			Ubuntu 16.04		LUKMINER	145	Bitcoin	SHA-256	1540	$ 0.00	$ 0.00		$ -12.95
AMD	INTEL	2 X 22-CORE INTEL E5-2699V4 2.1GHZ (BETA MODEL)			Centos 7		XMR-STAK-CPU	330	Bitcoin	SHA-256	1590	$ 0.00	$ 0.00		$ -29.46
AMD	HIS	HIS RX 480	1288	8000	Windows 7 x64		CLAYMORE v9.2	150	Ethereum	Ethash	238	$ 0.00	$ 0.00		$ -13.39
ASICS	DAYUN	Zig Z1+						1200	Vertcoin	Verthash	7200000000	$ 19621.39	$ 588641.73	6.00	$ 588534.59
ASICS	DAYUN	Zig Z1+						1200	Verge	Scrypt	7200000000	$ 537.51	$ 16125.29	6.00	$ 16018.15
ASICS	MICROBT	WHATSMINER D1						2200	Decred	Blake-256	44000000000000	$ 250.45	$ 7513.63	20000.00	$ 7317.21
ASICS	INNOSILICON	A9 ZMaster			Innosilicon Firmware			650	ZenCash	Equihash	50000	$ 232.58	$ 6977.34		$ 6919.31
ASICS	BITTECH	STRONGU STU-U1						1600	Decred	Blake-256	11000000000000	$ 62.61	$ 1878.41	6875.00	$ 1735.56
ASICS	BITTECH	NS						1250	Orbitcoin	Neoscrypt	63200000	$ 54.77	$ 1642.95		$ 1531.35
ASICS	MICROBT	Whatsminer M30S+						3400	Bitcoin	SHA-256	112000000000000	$ 44.69	$ 1340.80	32941.18	$ 1037.25
ASICS	BITMAIN	Antminer S19 PRO						3250	Bitcoin	SHA-256	110000000000000	$ 43.90	$ 1316.86	33846.15	$ 1026.70
ASICS	ASICS	SP50			Bitmain Firmware			16570	Bitcoin	SHA-256	110000000000000	$ 43.90	$ 1316.86	6638.50	$ -162.51
ASICS	MICROBT	Whatsminer M30S++						3400	Bitcoin	SHA-256	100000000000000	$ 39.90	$ 1197.15	29411.76	$ 893.60
ASICS	IBELINK	iBeLink DSM7T						2100	Decred	Blake-256	7000000000000	$ 39.85	$ 1195.35	3333.33	$ 1007.86
ASICS	BITMAIN	Antminer R4			Bitmain Firmware			16570	Bitcoin	SHA-256	87000000000000	$ 34.72	$ 1041.52	5250.45	$ -437.85
ASICS	ASICS	Ibelink DCR						2100	Decred	Blake-256	6000000000000	$ 34.15	$ 1024.59	2857.14	$ 837.10
ASICS	BITMAIN	Antminer E3 Batch 1			Bitmain Firmware			800	Ethereum	Ethash	180000000	$ 22.50	$ 675.02	0.23	$ 603.60
ASICS	ASICMINER	Zeon 160K						2200	Zcash	Equihash	160000	$ 21.30	$ 639.02		$ 442.60
ASICS	INNOSILICON	S11 SiaMaster			Innosilicon Firmware			1380	Siacoin	Blake-256	3830000000000	$ 19.78	$ 593.32	2775.36	$ 470.11
ASICS	BAIKAL	Miner BK-N240						630	Monero	Cryptonight	240000	$ 19.70	$ 590.91		$ 534.66
ASICS	BITMAIN	Antminer X3			Bitmain Firmware			550	Monero	Cryptonight	220000	$ 18.06	$ 541.67		$ 492.57
ASICS	EBANG	EBIT E11++						1980	Bitcoin	SHA-256	44000000000000	$ 17.56	$ 526.74	22222.22	$ 349.97
ASICS	EBANG	EBIT E11+						2035	Bitcoin	SHA-256	37000000000000	$ 14.76	$ 442.94	18181.82	$ 261.26
ASICS	BITTECH	One S						2600	Bitcoin	SHA-256	36000000000000	$ 14.37	$ 430.97	13846.15	$ 198.84
ASICS	PANGOLIN	Pangolin Whatsminer M10						2145	Bitcoin	SHA-256	33000000000000	$ 13.17	$ 395.06	15384.62	$ 203.55
ASICS	INNOSILICON	D9 DecredMaster			Innosilicon Firmware			900	Decred	Blake-256	2100000000000	$ 11.95	$ 358.61	2333.33	$ 278.26
ASICS	BITTECH	L-One						2600	Auroracoin	Scrypt	2300000000	$ 11.79	$ 353.77	0.88	$ 121.64
ASICS	INNOSILICON	A5+ DashMaster			Innosilicon Firmware			1500	Dash	X11	65000000000	$ 11.51	$ 345.40	43.33	$ 211.48
ASICS	BITTECH	SHA256 MINER						2200	Bitcoin	SHA-256	28000000000000	$ 11.17	$ 335.20	12727.27	$ 138.78
ASICS	INNOSILICON	T2T Turbo						1980	Bitcoin	SHA-256	24000000000000	$ 9.58	$ 287.32	12121.21	$ 110.55
ASICS	INNOSILICON	A5 DashMaster			Innosilicon Firmware			1250	Dash	X11	38000000000	$ 6.73	$ 201.93	30.40	$ 90.33
ASICS	ASICMINER	Ebang Ebit E9.3						1760	Bitcoin	SHA-256	16000000000000	$ 6.38	$ 191.54	9090.91	$ 34.41
ASICS	BITTECH	One Mini						1150	Bitcoin	SHA-256	16000000000000	$ 6.38	$ 191.54	13913.04	$ 88.87
ASICS	ASICS	DragonMint 16T						1205	Bitcoin	SHA-256	16000000000000	$ 6.38	$ 191.54	13278.01	$ 83.96
ASICS	INNOSILICON	A6 LTCMaster			Innosilicon Firmware			1500	Litecoin	Scrypt	1230000000	$ 6.01	$ 180.36	0.82	$ 46.44
ASICS	BITMAIN	Antminer S9i SHA256			Bitmain Firmware			1365	Bitcoin	SHA-256	14500000000000	$ 5.79	$ 173.59	10622.71	$ 51.72
ASICS	BITMAIN	AntMiner S9 14T			Bitmain Firmware			1300	Bitcoin	SHA-256	14000000000000	$ 5.59	$ 167.60	10769.23	$ 51.54
ASICS	BITMAIN	AntMiner S9			Bitmain Firmware			1375	Bitcoin	SHA-256	14000000000000	$ 5.59	$ 167.60	10181.82	$ 44.84
ASICS	ASICMINER	Ebang E9i						1400	Bitcoin	SHA-256	13500000000000	$ 5.39	$ 161.61	9642.86	$ 36.62
ASICS	BITMAIN	T9 Antminer						1576	Bitcoin	SHA-256	12500000000000	$ 4.99	$ 149.64	7931.47	$ 8.93
ASICS	BAIKAL	BK G28						1300	Dash	X11	28000000000	$ 4.96	$ 148.79	21.54	$ 32.73
ASICS	ASICS	Ebang E9.2 BTC						110	Bitcoin	SHA-256	12000000000000	$ 4.79	$ 143.66	109090.91	$ 133.84
ASICS	BITMAIN	Antminer A3			Bitmain Firmware			1186	Siacoin	Blake-256	815000000000	$ 4.21	$ 126.25	687.18	$ 20.36
ASICS	ASICS	iBeLink X11 Miner 22 GH/s						810	Dash	X11	22000000000	$ 3.90	$ 116.91	27.16	$ 44.59
ASICS	BITMAIN	Antminer R4 Mute			Bitmain Firmware			800	Bitcoin	SHA-256	8000000000000	$ 3.19	$ 95.77	10000.00	$ 24.35
ASICS	ASICS	Pinidea ASIC X11 Miner DR-100						820	Dash	X11	17000000000	$ 3.01	$ 90.34	20.73	$ 17.13
ASICS	AVALON	Bitcoin Miner Avalon 741 7.3TH						850	Bitcoin	SHA-256	7300000000000	$ 2.91	$ 87.39	8588.24	$ 11.50
ASICS	BITMAIN	D3 Antminer						1200	Dash	X11	15000000000	$ 2.66	$ 79.71	12.50	$ -27.43
ASICS	EBANG	Ebit E9 Miner 6.5T Bitcoin						140	Bitcoin	SHA-256	6300000000000	$ 2.51	$ 75.42	45000.00	$ 62.92
ASICS	BITMAIN	L3+ Antminer						800	Litecoin	Scrypt	504000000	$ 2.46	$ 73.90	0.63	$ 2.48
ASICS	AVALON	Bitcoin Miner Avalon 721 6TH						850	Bitcoin	SHA-256	6000000000000	$ 2.39	$ 71.83	7058.82	$ -4.06
ASICS	BITMAIN	AntMiner S7			Bitmain Firmware			1293	Bitcoin	SHA-256	4730000000000	$ 1.89	$ 56.63	3658.16	$ -58.81
ASICS	BAIKAL	Giant X10 DASH Coin Miner						800	Dash	X11	10000000000	$ 1.77	$ 53.14	12.50	$ -18.28
ASICS	AVALON	Avalon 6						1050	Bitcoin	SHA-256	3500000000000	$ 1.40	$ 41.90	3333.33	$ -51.84
ASICS	INNOSILICON	A4 Dominator					Innosilicon Firmware	1000	Litecoin	Scrypt	280000000	$ 1.37	$ 41.06	0.28	$ -48.222
ASICS	BITMAIN	Z9 mini			Bitmain Firmware			300	Zcash	Equihash	10000	$ 1.33	$ 39.94		$ 13.16
ASICS	ASICS	L3 asic scrypt Litecoin Miner						400	Litecoin	Scrypt	250000000	$ 1.22	$ 36.66	0.63	$ 0.95
ASICS	ASICS	A4-135 scrypt Litecoin						520	Litecoin	Scrypt	135000000	$ 0.66	$ 19.80	0.26	$ -26.63
ASICS	BITMAIN	Antminer S5			Bitmain Firmware			750	Bitcoin	SHA-256	1160000000000	$ 0.46	$ 13.89	1546.67	$ -53.07
ASICS	BAIKAL	Giant+ Dash Miner A2000						430	Dash	X11	2000000000	$ 0.35	$ 10.63	4.65	$ -27.76
ASICS	ASICS	AM200			Arch Linux			900	Zcash	Equihash	1500	$ 0.20	$ 5.99		$ -74.36
ASICS	BITMAIN	AntMiner S3						366	Bitcoin	SHA-256	441000000000	$ 0.18	$ 5.28	1204.92	$ -27.40
ASICS	BAIKAL	Giant A900 Dash Miner						215	Dash	X11	900000000	$ 0.16	$ 4.78	4.19	$ -14.42
ASICS	BAIKAL	Giant A900 Dash			Bitmain Firmware			217	Dash	X11	900000000	$ 0.16	$ 4.78	4.15	$ -14.59
ASICS	BAIKAL	Quadruple 600MH						160	Dash	X11	600000000	$ 0.11	$ 3.19	3.75	$ -11.09
ASICS	ASICS	Pinidea Dr2 X11 450MH Dash Miner						335	Dash	X11	450000000	$ 0.08	$ 2.39	1.34	$ -27.52
ASICS	BAIKAL	Baikal Dash Mini Miner						40	Dash	X11	150000000	$ 0.03	$ 0.80	3.75	$ -2.77
ASICS	BAIKAL	CUBE DASH Miner						300	Dash	X11	85000000	$ 0.02	$ 0.45	0.28	$ -26.33
ASICS	AVALON	Avalon Nano 3			Bitmain Firmware			1360	Bitcoin	SHA-256	3600000000	$ 0.00	$ 0.04	2.65	$ -121.38
ASICS	BITMAIN	BPMC Red Fury USB			Bitmain Firmware			1250	Bitcoin	SHA-256	2700000000	$ 0.00	$ 0.03	2.16	$ -111.57
ASICS	ASICS	SP20 Jackson			Bitmain Firmware			1200	Bitcoin	SHA-256	1700000000	$ 0.00	$ 0.02	1.42	$ -107.12
ASICS	BITMAIN	AntMiner U2			Bitmain Firmware			1050	Bitcoin	SHA-256	2000000000	$ 0.00	$ 0.02	1.90	$ -93.72
ASICS	ASICS	Miner DR3 Dash Coin Miner						345	Bitcoin	SHA-256	600000000	$ 0.00	$ 0.01	1.74	$ -30.79
ASICS	ASICS	GEASSMINER AM200	1400	1180	Arch Linux			1350	Ethereum	Ethash	230	$ 0.00	$ 0.00		$ -120.53
ASICS	ASICS	Sapphire miner			Bitmain Firmware			180	Bitcoin	SHA-256	330000000	$ 0.00	$ 0.00	1.83	$ -16.07
CPU	AMD	2* AMD EPYC - 7601			Windows Server 2012 R2		64-bit xmrcgpu.com 1/2 CPU affinity	336	Monero	Cryptonight	4130	$ 0.34	$ 10.17		$ -19.83
CPU	AMD	DUAL AMD EPYC 7601			Windows 7 Pro		XMRCGPU	330	Monero	Cryptonight	3860	$ 0.32	$ 9.50		$ -19.96
CPU	AMD	DUAL AMD EPYC 7601			Ubuntu 17.04		cpuminer-multi	336	Monero	Cryptonight	3530	$ 0.29	$ 8.69		$ -21.31
CPU	AMD	DUAL AMD EPYC 7601			DEBIAN 9		CPU-MINER-MULTI	336	Monero	Cryptonight	3500	$ 0.29	$ 8.62		$ -21.38
CPU	INTEL	INTEL XEON PHI 7210			Ubuntu 16.04		LUKMINERPHI v0.3.1	215	Monero	Cryptonight	2770	$ 0.23	$ 6.82		$ -12.38
CPU	INTEL	2X INTEL XEON CPU E5-2699 V4 @ 2.20GHZ			Ubuntu 16.10		XMR-STAK-CPU	145	Monero	Cryptonight	1910	$ 0.16	$ 4.70		$ -8.25
CPU	INTEL	XEON E5-2686 V3 (DUAL)			Windows 8.1 x64		XMR-STAK-CPU	120	Monero	Cryptonight	1560	$ 0.13	$ 3.84		$ -6.87
CPU	INTEL	2x XEON E5-2699 V4 @ 2.20GHZ			Ubuntu 16.04		YAM	145	Monero	Cryptonight	1500	$ 0.12	$ 3.69		$ -9.26
CPU	INTEL	1X E7-8890 V4			Ubuntu 16.10		CPU-MULTI-MINING-BY-WOLF	165	Monero	Cryptonight	1483	$ 0.12	$ 3.65		$ -11.08
CPU	AMD	RYZEN THREADRIPPER 1950X			Windows 7		XMRCGPU	180	Monero	Cryptonight	1470	$ 0.12	$ 3.62		$ -12.45
CPU	AMD	RYZEN Threadreaper 1950 X	1000	1100	Windows 10 pro			180	Monero	Cryptonight	1422	$ 0.12	$ 3.50		$ -12.57
CPU	AMD	RYZEN THREADRIPPER 1950X			Windows 10		XMR-STAK-CPU	180	Monero	Cryptonight	1280	$ 0.11	$ 3.15		$ -12.92
CPU	AMD	RYZEN THREADRIPPER 1950X @ 3.9 GHZ			Windows 10		XMR-STAK-CPU	180	Monero	Cryptonight	1265	$ 0.10	$ 3.11		$ -12.96
CPU	INTEL	XEON E5-2686 V3 (DUAL)			Windows 8.1 x64		MONEROD	120	Monero	Cryptonight	1175	$ 0.10	$ 2.89		$ -7.82
CPU	INTEL	2x CPU E5-2658 V3 @ 2.20GHZ			Ubunt 16.04		YAM	105	Monero	Cryptonight	1160	$ 0.10	$ 2.86		$ -6.51
CPU	INTEL	2X XEON E5-2650V4			Ubuntu 14.04		XMRIG	105	Monero	Cryptonight	1150	$ 0.09	$ 2.83		$ -6.54
CPU	AMD	Ryzen Threadripper 1950x			Windows 10		XMR-STAK-CPU	96	Monero	Cryptonight	1120	$ 0.09	$ 2.76		$ -5.81
CPU	INTEL	INTEL XEON E5-2690 V4			Centos 7		XMR-STAK-CPU git	135	Monero	Cryptonight	1100	$ 0.09	$ 2.71		$ -9.34
CPU	INTEL	DUAL E5-2660V2			Windows 10		XMRig	95	Monero	Cryptonight	1030	$ 0.08	$ 2.54		$ -5.94
CPU	INTEL	R720 INTEL XEON E5-2690 0 @ 2.9 X2			Ubuntu 17.04		XMR-STAK-CPU-NOTLS	135	Monero	Cryptonight	1032	$ 0.08	$ 2.54		$ -9.51
CPU	INTEL	DUAL XEON E5-2698 V4 64GB RAM			Windows 10		MINERGATE	270	Monero	Cryptonight	1021	$ 0.08	$ 2.51		$ -21.60
CPU	INTEL	R720 INTEL XEON E5-2690 0 @ 2.9 X2			Windows Server 2008 R2		XMR-STAK-CPU-NOTLS	135	Monero	Cryptonight	1012	$ 0.08	$ 2.49		$ -9.56
CPU	AMD	OPTERON 6276 X2			Windows 7 x64		CLAYMORE 9.6	230	Monero	Cryptonight	1003	$ 0.08	$ 2.47		$ -18.06
CPU	INTEL	INTEL(R) XEON(R) CPU E5-2648L V3 @ 1.80GHZ (2 PIECES)			Ubuntu 16.04		YAM	75	Monero	Cryptonight	991	$ 0.08	$ 2.44		$ -4.26
CPU	INTEL	DUAL XEON E5-2670 V2 (10 THREAD PER CPU)			Freenas 11		MINERGATE	115	Monero	Cryptonight	978	$ 0.08	$ 2.41		$ -7.86
CPU	AMD	2X AMD OPTERON 6276			Windows 10		XMR-STAK-CPU	115	Monero	Cryptonight	970	$ 0.08	$ 2.39		$ -7.88
CPU	INTEL	2X XEON E5-2640 V4			Ubuntu 16.04		XMR-STAK-CPU	90	Monero	Cryptonight	972	$ 0.08	$ 2.39		$ -5.65
CPU	INTEL	INTEL i7 5960X			Windows 10		XmrCgpu.com	140	Monero	Cryptonight	860	$ 0.07	$ 2.12		$ -10.38
CPU	AMD	RYZEN 7 1700			Windows 7		XMR CGPU dual miner	66	Monero	Cryptonight	820	$ 0.07	$ 2.02		$ -3.87
CPU	INTEL	INTEL XEON E5-2640 V3 @ 2.60GHZ			Ubuntu 14.04		WOLF CPU MINER	144	Monero	Cryptonight	795	$ 0.07	$ 1.96		$ -10.90
CPU	INTEL	INTEL XEON E5-2640 V3 @ 2.60GHZ			Ubuntu 14.04		HMAGE CPU MINER	144	Monero	Cryptonight	760	$ 0.06	$ 1.87		$ -10.99
CPU	INTEL	INTEL I7 5960X @ 4.6GHZ			Windows 10		CLAYMORE CRYPTONOTE V3.5 BETA	140	Monero	Cryptonight	750	$ 0.06	$ 1.85		$ -10.65
CPU	AMD	RYZEN 7 1700 3.8 ghz			Windows 10		XMRcgpu combined miner	75	Monero	Cryptonight	711	$ 0.06	$ 1.75		$ -4.95
CPU	AMD	RYZEN 5 1600			Windows 10	6-cores	XMR cgpu	65	Monero	Cryptonight	680	$ 0.06	$ 1.67		$ -4.13
CPU	INTEL	2X INTEL XEON E5-2660 8-CORE @ 2.2 GHZ, 20 MB L3 CACHE			Debian 8		XMR-STAK-CPU 1.3.0	95	Monero	Cryptonight	660	$ 0.05	$ 1.62		$ -6.86
CPU	INTEL	INTEL(R) XEON(R) CPU E5-2680 V4 @ 2.40GHZ			Ubuntu 16.04		XMR-STAK-CPU V1.4.1-DEV	120	Monero	Cryptonight	640	$ 0.05	$ 1.58		$ -9.13
CPU	AMD	RYZEN 7 1700X 3875MHZ			Windows 10		XMR-STAK-CPU v1 build	66	Monero	Cryptonight	638	$ 0.05	$ 1.57		$ -4.32
CPU	AMD	RYZEN 7 1700@3.8GHZ			Windows 10		XMR-STAK-CPU	75	Monero	Cryptonight	626	$ 0.05	$ 1.54		$ -5.16
CPU	AMD	Ryzen 7 2700			Windows 10		XMR STAK CPU	105	Monero	Cryptonight	620	$ 0.05	$ 1.53		$ -7.84
CPU	AMD	Ryzen Threadripper 1950x			Windows 10		XMR-STAK-CPU	96	Sumokoin	Cryptonight	1120	$ 0.05	$ 1.53		$ -7.04
CPU	AMD	AMD RYZEN 7 1700			Windows 10		XMR- STAK-CPU	60	Monero	Cryptonight	620	$ 0.05	$ 1.53		$ -3.83
CPU	AMD	RYZEN 1800X (OC TO 3,9GHZ)			Windows 10		XMR-STAK-CPU	95	Monero	Cryptonight	620	$ 0.05	$ 1.53		$ -6.95
CPU	AMD	RYZEN 7 1700			Windows 10		CLAYMORE 3.5	125	Monero	Cryptonight	615	$ 0.05	$ 1.51		$ -9.65
CPU	AMD	AMD RYZEN-7 1700 (@3700 MHZ)			Windows 10		XMR-STAK-CPU	95	Monero	Cryptonight	605	$ 0.05	$ 1.49		$ -6.99
CPU	INTEL	INTEL(R) XEON(R) CPU E5-2648L 0 @ 1.80GHZ 2X			Ubuntu 16.04		YAM	70	Monero	Cryptonight	580	$ 0.05	$ 1.43		$ -4.82
CPU	AMD	AMD RYZEN 1700			Windows 10		XMR-STAK-CPU	51	Monero	Cryptonight	570	$ 0.05	$ 1.40		$ -3.15
CPU	INTEL	i7-8250u	1		Windows 7 x64		www.xmrcgpu.com	15	Monero	Cryptonight	550	$ 0.05	$ 1.35		$ 0.01
CPU	INTEL	2X E5-2620V3@2.28GHZ			Windows Server 2008 R2		XMR-STAK-CPU	95	Monero	Cryptonight	550	$ 0.05	$ 1.35		$ -7.13
CPU	AMD	RYZEN 7 1700X (STOCK)			DEBIAN 9		XMRIG	95	Monero	Cryptonight	550	$ 0.05	$ 1.35		$ -7.13
CPU	AMD	Ryzen 7 1800X			Ubuntu 16.04		cpuminer-multi	95	Monero	Cryptonight	549	$ 0.05	$ 1.35		$ -7.13
CPU	AMD	RYZEN 5 1600			DEBIAN 9	8 cores (6xprimary + 2xlogical)	XMR-STAK-CPU	65	Monero	Cryptonight	527	$ 0.04	$ 1.30		$ -4.50
CPU	INTEL	2X XEON X5687			Ubuntu 16.10		XMR-STAK-CPU	240	Monero	Cryptonight	515	$ 0.04	$ 1.27		$ -20.16
CPU	INTEL	2X INTEL XEON X5690			Ubuntu 16.04		XMR-STAK-CPU	260	Monero	Cryptonight	510	$ 0.04	$ 1.26		$ -21.95
CPU	AMD	RYZEN 7 1700 @ 3.2GHZ			Windows 10		XMR-STAK-CPU	65	Monero	Cryptonight	513	$ 0.04	$ 1.26		$ -4.54
CPU	AMD	RYZEN 1700 (3.7GHZ OC)			Windows 10		XMR-STAK-CPU	95	Monero	Cryptonight	506	$ 0.04	$ 1.25		$ -7.23
CPU	AMD	AMD RYZEN 5 1600 + 2400MHZ RAM			Ubuntu 16.04	8 threads, all low_power=false, no prefetch=true. affine to 1, 3, 4,	XMR-STAK-CPU	65	Monero	Cryptonight	503	$ 0.04	$ 1.24		$ -4.56
CPU	INTEL	2X E5 2620V3 @ 2.26GHZ			Windows Server 2008 R2		XMR-STAK-CPU	85	Monero	Cryptonight	502	$ 0.04	$ 1.24		$ -6.35
CPU	INTEL	E5-2670 V3 QS@2540MHZ 59WATT USAGE			Windows 8.1 x64		XMR-STAK-CPU v1 build	115	Monero	Cryptonight	504	$ 0.04	$ 1.24		$ -9.03
CPU	INTEL	E5-2670 V3 QS@2540MHZ 59WATT USAGE			Windows 8.1 x64		XMR-STAK-CPU v1 build	115	Monero	Cryptonight	504	$ 0.04	$ 1.24		$ -9.03
CPU	INTEL	I7-7900X			Windows 10		XMRig Miner	123	Monero	Cryptonight	498	$ 0.04	$ 1.23		$ -9.75
CPU	INTEL	2X XEON E5-2660			Windows 10		MINERGATE CONSOLE MINER WINDOWS X64	80	Monero	Cryptonight	500	$ 0.04	$ 1.23		$ -5.91
CPU	INTEL	2X INTEL XEON PROCESSOR E5-2440			Windows 10		YAM	95	Monero	Cryptonight	497	$ 0.04	$ 1.22		$ -7.26
CPU	INTEL	INTEL XEON E5-2620 X2			DEBIAN 9		XMRIG	95	Monero	Cryptonight	490	$ 0.04	$ 1.21		$ -7.27
CPU	AMD	Ryzen 7 1700			Arch Linux		cpuminer-multi	65	Monero	Cryptonight	489	$ 0.04	$ 1.20		$ -4.60
CPU	INTEL	4 * XEON-X7550-18M-CACHE-2.00-GHZ			Windows Server 2008 R2		XMR-STAK-CPU	500	Monero	Cryptonight	480	$ 0.04	$ 1.18		$ -43.46
CPU	INTEL	XEON X5672 (DUAL)			Windows 10		XMR-STAK-CPU	95	Monero	Cryptonight	480	$ 0.04	$ 1.18		$ -7.30
CPU	AMD	RYZEN 5 1600 - OVERCLOCKED TO 3.7			Ubuntu 16.04		CPUMINER-MULTI	70	Monero	Cryptonight	470	$ 0.04	$ 1.16		$ -5.09
CPU	AMD	FX8320E@4,5GHZ			Windows 10		XMR-STAK-CPU-1.5	125	Monero	Cryptonight	470	$ 0.04	$ 1.16		$ -10.00
CPU	AMD	AMD FX-8300			Windows 10		xmr CGPU	85	Monero	Cryptonight	462	$ 0.04	$ 1.14		$ -6.45
CPU	INTEL	Intel i7 7700K			Windows 7 x64			44	Monero	Cryptonight	455	$ 0.04	$ 1.12		$ -2.81
CPU	AMD	AMD RYZEN 5 1600			Ubuntu 16.04		XMR-STAK-CPU	65	Monero	Cryptonight	450	$ 0.04	$ 1.11		$ -4.69
CPU	INTEL	E5-2670 V3 QS@2540MHZ 68WATT USAGE			Windows 8.1 x64		XMR-STAK-CPU v1 build	115	Monero	Cryptonight	445	$ 0.04	$ 1.10		$ -9.17
CPU	INTEL	INTEL XEON E5-2670			Windows 8		YAM 7V	115	Monero	Cryptonight	443	$ 0.04	$ 1.09		$ -9.18
CPU	INTEL	INTEL E5 2660 V1			Ubuntu 17.04		XMR-STAK-CPU	95	Monero	Cryptonight	433	$ 0.04	$ 1.07		$ -7.41
CPU	AMD	RYZEN 5 1600 - STOCK			Windows 10		XMR STAK CPU	65	Monero	Cryptonight	436	$ 0.04	$ 1.07		$ -4.73
CPU	AMD	RYZEN 5 1500X @3.5GHZ			Windows 10		XMR STAK CPU	65	Monero	Cryptonight	425	$ 0.03	$ 1.05		$ -4.75
CPU	AMD	RYZEN 5 1500X @3.5GHZ			Windows 10		XMR STAK CPU	65	Monero	Cryptonight	425	$ 0.03	$ 1.05		$ -4.75
CPU	AMD	FX 9590			Windows 7 x64		CLAYMORE CRYPTONOTE CPU MINER V3.5 BETA	220	Monero	Cryptonight	425	$ 0.03	$ 1.05		$ -18.59
CPU	INTEL	XEON E5-2670 C2			Windows 7 x64		XMR-STAK-CPU	115	Monero	Cryptonight	421	$ 0.03	$ 1.04		$ -9.23
CPU	INTEL	I7 5820K @4.0 GHZ			Windows 7 x64		XMR-STAK-CPU-NOTLS-WIN64 V1.3.1	140	Monero	Cryptonight	418	$ 0.03	$ 1.03		$ -11.47
CPU	AMD	AMD FX 9590			Windows 10		CLAYMORE CPU MINER 3.5	275	Monero	Cryptonight	420	$ 0.03	$ 1.03		$ -23.52
CPU	AMD	AMD RYZEN 5 1500X @ 3.9 GHZ			Windows 10	AMD RYZEN 5 1500X @ 3.9 GHZ | DDR4 2933 CL16	CLAYMORE CN MINER CPU	65	Monero	Cryptonight	410	$ 0.03	$ 1.01		$ -4.79
CPU	INTEL	INTEL 5820K			Windows 10		CLAYMORE CRYPTONOTE CPU MINER V3.5 BETA - POOL	140	Monero	Cryptonight	410	$ 0.03	$ 1.01		$ -11.49
CPU	INTEL	INTEL I7-5930K			Windows 10		XMR-STAK-CPU	140	Monero	Cryptonight	410	$ 0.03	$ 1.01		$ -11.49
CPU	INTEL	INTEL(R) XEON(R) CPU D-1577			Ubuntu 16.04		YAM	45	Monero	Cryptonight	407	$ 0.03	$ 1.00		$ -3.02
CPU	INTEL	INTEL XEON E5 1650 V1 (OC 4.4 GHZ)			Windows 10		XMR-STAK-CPU	140	Monero	Cryptonight	400	$ 0.03	$ 0.98		$ -11.52
CPU	AMD	AMD RYZEN 5 1600 STOCK 3.4 GHZ			Windows 7 x64		XMR-STAK-CPU	65	Monero	Cryptonight	400	$ 0.03	$ 0.98		$ -4.82
CPU	AMD	AMD FX-8350			Windows 10		XMR-STAK-CPU	195	Monero	Cryptonight	400	$ 0.03	$ 0.98		$ -16.43
CPU	AMD	AMD 8350-FX @ 4300GHZ			Windows 7 x64		LUCASJONES CPUMINER	213	Monero	Cryptonight	393	$ 0.03	$ 0.97		$ -18.05
CPU	INTEL	FX8320E@4GHZ			Windows 10		XMR-STAK-CPU 1.5	95	Monero	Cryptonight	395	$ 0.03	$ 0.97		$ -7.51
CPU	INTEL	INTEL XEON 2695V3 @ 2.5HZ			Windows 7 x64		MINERGATE	90	Monero	Cryptonight	380	$ 0.03	$ 0.94		$ -7.10
CPU	INTEL	4790K @ 4.7GHZ			Windows 10		XMR-STAK-CPU	88	Monero	Cryptonight	368	$ 0.03	$ 0.91		$ -6.95
CPU	INTEL	INTEL I7 3960			Windows 7 x64		CLAYMORE CPU MINER 3.5	104	Monero	Cryptonight	370	$ 0.03	$ 0.91		$ -8.38
CPU	INTEL	I7-6800K			Ubuntu 16.04		XMR-STAK-CPU	97	Monero	Cryptonight	360	$ 0.03	$ 0.89		$ -7.77
CPU	INTEL	2X E5620			Debian 8		WOLF	80	Monero	Cryptonight	360	$ 0.03	$ 0.89		$ -6.25
CPU	INTEL	XEON E3-1285 V4			Windows 10		XMR-STAK-CPU	95	Monero	Cryptonight	360	$ 0.03	$ 0.89		$ -7.59
CPU	INTEL	E5-2670 V3 QS@2540MHZ 71WATT USAGE			Windows 8.1 x64		CPUMINER-GW64-AVX2	115	Monero	Cryptonight	363	$ 0.03	$ 0.89		$ -9.38
CPU	INTEL	I7 3770K @ 4.4GHZ			Windows 10		XMR-STAK-CPU	77	Monero	Cryptonight	350	$ 0.03	$ 0.86		$ -6.01
CPU	INTEL	INTEL I5 -3570K			Debian 7		WOLF CPUMINER	84	Monero	Cryptonight	344	$ 0.03	$ 0.85		$ -6.65
CPU	INTEL	I7-5930K			Windows 10		XMR-STAK-CPU	140	Monero	Cryptonight	340	$ 0.03	$ 0.84		$ -11.66
CPU	AMD	FX 8300 (OC 4200)			Windows 10		XMR-STAK-CPU	95	Monero	Cryptonight	340	$ 0.03	$ 0.84		$ -7.64
CPU	INTEL	INTEL I5-2430M			Windows 7		WOLF CPUMINER	35	Monero	Cryptonight	342	$ 0.03	$ 0.84		$ -2.28
CPU	AMD	AMD FX 8300			Windows 10		XMRig	95	Monero	Cryptonight	332	$ 0.03	$ 0.82		$ -7.66
CPU	INTEL	INTEL CORE I7-3930K @ 3.8 GHZ			Windows 10		XMR-STAK-CPU	135	Monero	Cryptonight	334	$ 0.03	$ 0.82		$ -11.23
CPU	AMD	FX8320-E			Ubuntu 16.10		XMR-STAK	95	Monero	Cryptonight	327	$ 0.03	$ 0.81		$ -7.67
CPU	INTEL	XEON E5-2650			Windows 10		XMR STAK CPU	95	Monero	Cryptonight	327	$ 0.03	$ 0.81		$ -7.67
CPU	INTEL	INTEL I7 7700K			Windows 10		XMRIG 2.1.0	44	Monero	Cryptonight	328	$ 0.03	$ 0.81		$ -3.12
CPU	AMD	FX8320-E			Ubuntu 16.10		XMR-STAK	95	Monero	Cryptonight	327	$ 0.03	$ 0.81		$ -7.67
CPU	INTEL	XEON E5-2650			Windows 10		XMR STAK CPU	95	Monero	Cryptonight	327	$ 0.03	$ 0.81		$ -7.67
CPU	INTEL	INTEL I7 7700K			Windows 10		XMRIG 2.1.0	44	Monero	Cryptonight	328	$ 0.03	$ 0.81		$ -3.12
CPU	INTEL	I7 2600K (BOOST 4.4GHZ)			Windows 7 x64		NICEHASH	95	Monero	Cryptonight	325	$ 0.03	$ 0.80		$ -7.68
CPU	INTEL	I7 2600K (BOOST 4.4GHZ)			Windows 7 x64		NICEHASH	95	Monero	Cryptonight	325	$ 0.03	$ 0.80		$ -7.68
CPU	INTEL	I7 7700K			Windows 10		XMR STAK MINER	85	Monero	Cryptonight	320	$ 0.03	$ 0.79		$ -6.80
CPU	AMD	AMD FX(TM)-8350 EIGHT-CORE PROCESSOR OC (8CPUS),~  4.32GHZ			Windows 7 x64		CRYPTONOTE CPU MINER V.3.5 BETA	125	Monero	Cryptonight	320	$ 0.03	$ 0.79		$ -10.37
CPU	AMD	AMD FX(TM)-8350 EIGHT-CORE PROCESSOR OC (8CPUS),~ @ 4.32GHZ			Windows 7 x64		CRYPTONOTE CPU MINER V.3.5 BETA	125	Monero	Cryptonight	320	$ 0.03	$ 0.79		$ -10.37
CPU	AMD	FX-6300			Windows 7 x64		CLAYMORE CPU 3.5	95	Monero	Cryptonight	315	$ 0.03	$ 0.78		$ -7.70
CPU	INTEL	STOCK I7 4790K			Windows 7 x64		CLAYMORE 9.7	58	Monero	Cryptonight	318	$ 0.03	$ 0.78		$ -4.40
CPU	INTEL	I7 2600K			Windows 10		CLAYMORE CRYPTONOTE CPU 3.5B	65	Monero	Cryptonight	313	$ 0.03	$ 0.77		$ -5.03
CPU	INTEL	I7-7700			Windows 10		XMRIG 2.3.1	65	Monero	Cryptonight	314	$ 0.03	$ 0.77		$ -5.03
CPU	INTEL	I7-7700K			Debian 8		CPUMINER-OPT 3.6.1	91	Monero	Cryptonight	310	$ 0.03	$ 0.76		$ -7.36
CPU	AMD	AMD FX-8350			Windows 8.1 x64		OPTIMINER V3.5.0	120	Monero	Cryptonight	310	$ 0.03	$ 0.76		$ -9.95
CPU	INTEL	I7 4820K			Windows 7 x64		CLAYMORE CRYPTONOTE CPU MINER V3.5 BETA	130	Monero	Cryptonight	305	$ 0.03	$ 0.75		$ -10.86
CPU	AMD	AMD FX-8320 4.0GHZ			Windows 7 x64		LUCASJONES CPUMINER	125	Monero	Cryptonight	305	$ 0.03	$ 0.75		$ -10.41
CPU	AMD	AMD FX-6300			Ubuntu 16.04		STAK-XMR-CPU	63	Monero	Cryptonight	300	$ 0.02	$ 0.74		$ -4.88
CPU	INTEL	I7-5820			Windows 7		XMR-STACK	110	Monero	Cryptonight	295	$ 0.02	$ 0.73		$ -9.09
CPU	INTEL	INTEL I7 4770K 3.5 GH			Windows 7 x64		CLAYMORE 3.5 BETA	75	Monero	Cryptonight	290	$ 0.02	$ 0.71		$ -5.99
CPU	AMD	FX 8350			Windows 10		MINERGATE-CLI	125	Monero	Cryptonight	290	$ 0.02	$ 0.71		$ -10.45
CPU	INTEL	INTEL I7 4770K			Ubuntu 17.04		XMR-STAK-CPU	84	Monero	Cryptonight	283	$ 0.02	$ 0.70		$ -6.80
CPU	INTEL	INTEL CORE I5 2500K			Windows 10		CLAYMORE 3.5 BETA	55	Monero	Cryptonight	285	$ 0.02	$ 0.70		$ -4.21
CPU	INTEL	AMD FX 8300			Windows 10		XMR-STAK-CPU	95	Monero	Cryptonight	279	$ 0.02	$ 0.69		$ -7.79
CPU	INTEL	I7-6700K			Mac Os X		XMRIG-2.2.1	91	Monero	Cryptonight	280	$ 0.02	$ 0.69		$ -7.43
CPU	INTEL	INTEL XEON E5-2698			Ubuntu 16.04		CPUMINER-MULTI	5	Monero	Cryptonight	280	$ 0.02	$ 0.69		$ 0.24
CPU	INTEL	I7-3820			Windows 7 x64		XMR-STAK-CPU	130	Monero	Cryptonight	275	$ 0.02	$ 0.68		$ -10.93
CPU	INTEL	INTEL(R) XEON(R) CPU D-1540 @ 2.00GHZ			Ubuntu 16.04		YAM	45	Monero	Cryptonight	275	$ 0.02	$ 0.68		$ -3.34
CPU	AMD	AMD FX 6300			Windows 7 x64		CLAYMORE CRYPTONOTE 3.5	95	Monero	Cryptonight	275	$ 0.02	$ 0.68		$ -7.80
CPU	INTEL	XEON X5650			Windows 10		CPUMINER OPT 3-3-8	150	Monero	Cryptonight	275	$ 0.02	$ 0.68		$ -12.71
CPU	INTEL	I7 4770			Windows 7 x64		CLAYMORE CPU MINER 3.5 BETA	84	Monero	Cryptonight	273	$ 0.02	$ 0.67		$ -6.83
CPU	INTEL	INTEL XEON E5-1650V2 (3.5GHZ)			Freebsd 10.3		MONEROD	130	Monero	Cryptonight	269	$ 0.02	$ 0.66		$ -10.95
CPU	INTEL	I7-3820QM			Mac Os X		XMRIG-2.2.1	45	Monero	Cryptonight	269	$ 0.02	$ 0.66		$ -3.36
CPU	INTEL	INTEL XEON E5-1650V2 (TURBOBOOST)			Freebsd 10.3		MONEROD	130	Monero	Cryptonight	270	$ 0.02	$ 0.66		$ -10.95
CPU	INTEL	E3 1231V3			Windows 10		CLAYMORE CRYPTONOTE CPU MINER V3.5 BETA	80	Monero	Cryptonight	254	$ 0.02	$ 0.63		$ -6.51
CPU	AMD	AMD FX-6300 @ 4GHZ			Debian 8		MINERGATE	95	Monero	Cryptonight	255	$ 0.02	$ 0.63		$ -7.85
CPU	INTEL	I7-3770K @4.8GHZ			Windows 8.1 x64		CPUMINER-MULTI-WOLF-05-30-2014	77	Monero	Cryptonight	250	$ 0.02	$ 0.62		$ -6.25
CPU	INTEL	I7 2600			Windows 7 x64		XMR-STAK-CPU	95	Monero	Cryptonight	250	$ 0.02	$ 0.62		$ -7.86
CPU	INTEL	I7 2600K			Windows 10		CLAYMORE CRYPTONOTE CPU MINER	15	Monero	Cryptonight	250	$ 0.02	$ 0.62		$ -0.72
CPU	INTEL	XEON X5672			Windows 10		XMR-STAK-CPU	95	Monero	Cryptonight	252	$ 0.02	$ 0.62		$ -7.86
CPU	INTEL	I5-3570K @4.0 STANDART VOLTAGE			Windows 10		XMRIG 2.3.1 (3 threads)	45	Monero	Cryptonight	242	$ 0.02	$ 0.60		$ -3.42
CPU	INTEL	INTEL(R) XEON(R) CPU E3-1220 V3 @ 3.10GHZ			Debian 8		WOLF CPUMINER-MULTI (WITH MOD	80	Monero	Cryptonight	242	$ 0.02	$ 0.60		$ -6.54
CPU	INTEL	INTEL I5-3570K @ 4.3			Windows 10		CLAYMORE CRYPTONOTE CPU MINER V3.5 BETA	77	Monero	Cryptonight	245	$ 0.02	$ 0.60		$ -6.27
CPU	INTEL	INTEL I5-4690			Windows 10		XMR-STAK-CPU	55	Monero	Cryptonight	240	$ 0.02	$ 0.59		$ -4.32
CPU	AMD	AMD FX 6100 OC 4.0 GHZ			Windows 10		CLAYMORE CPU MINER	95	Monero	Cryptonight	240	$ 0.02	$ 0.59		$ -7.89
CPU	AMD	AMD OPTERON(TM) PROCESSOR 4274 HE			Ubuntu 17.04		XMRIG	80	Monero	Cryptonight	236	$ 0.02	$ 0.58		$ -6.56
CPU	AMD	FX-6300			Windows 10		CLAYMORE CRYPTONOTE CPU MINER V3.5	95	Monero	Cryptonight	237	$ 0.02	$ 0.58		$ -7.90
CPU	INTEL	I5-3570K@4.0 STANDART VOLTAGE			Windows 10		Claymore CPU XMR	45	Monero	Cryptonight	230	$ 0.02	$ 0.57		$ -3.45
CPU	INTEL	INTEL XEON E3-1231 V3			Windows 7 x64		XMR-STAK-CPU	80	Monero	Cryptonight	230	$ 0.02	$ 0.57		$ -6.57
CPU	INTEL	I7 3770			Windows 10		CLAYMORE BETA 3.5	84	Monero	Cryptonight	230	$ 0.02	$ 0.57		$ -6.93
CPU	AMD	E3 1245			Windows 7 x64		CLAYMORE 3.5	85	Monero	Cryptonight	230	$ 0.02	$ 0.57		$ -7.02
CPU	INTEL	INTEL(R) XEON(R) CPU E31220 @ 3.10GHZ			Debian 8		WOLF CPUMINER-MULTI (WITH MOD	80	Monero	Cryptonight	230	$ 0.02	$ 0.57		$ -6.57
CPU	AMD	FX-8350			Windows 10		MINERGATE 6.8	125	Monero	Cryptonight	224	$ 0.02	$ 0.55		$ -10.61
CPU	AMD	6600K			Ubuntu 16.10		XMR-STAK-CPU	95	Monero	Cryptonight	224	$ 0.02	$ 0.55		$ -7.93
CPU	INTEL	INTEL CORE I5 4670			Windows 7 x64		XMR-STAK	84	Monero	Cryptonight	225	$ 0.02	$ 0.55		$ -6.95
CPU	INTEL	I7-4790K			Windows 10		XMR-STAK-CPU	80	Monero	Cryptonight	225	$ 0.02	$ 0.55		$ -6.59
CPU	AMD	AMD A8-7650K, OC 4.5			Ubuntu 17.04		XMR-STAK-CPU	95	Monero	Cryptonight	219	$ 0.02	$ 0.54		$ -7.94
CPU	INTEL	INTEL XEON E5 2670			Windows 10		NICEHASH MINER	115	Monero	Cryptonight	220	$ 0.02	$ 0.54		$ -9.73
CPU	INTEL	INTEL CORE I5 6600K @3800MHZ (NON-OC)			Debian 8		FIREICE-UK/XMR-STAK-CPU	91	Monero	Cryptonight	220	$ 0.02	$ 0.54		$ -7.58
CPU	INTEL	I7-3770K			Ubuntu 16.04		MINERGATE GUI LINUX 64	77	Monero	Cryptonight	220	$ 0.02	$ 0.54		$ -6.33
CPU	INTEL	INTEL CORE I7 4820K			Ubuntu 16.04		MINERGATE V9 UBUNTU	150	Monero	Cryptonight	220	$ 0.02	$ 0.54		$ -12.85
CPU	INTEL	I5 6600K			Windows 10		CLAYMORE CPU MINER 3.5	75	Monero	Cryptonight	220	$ 0.02	$ 0.54		$ -6.16
CPU	AMD	RYZEN 5 1400			Windows 10		XMR-STAK-CPU	65	Monero	Cryptonight	220	$ 0.02	$ 0.54		$ -5.26
CPU	AMD	AMD FX 8300			Windows 8.1 x64		CLAYMORE 3.5	95	Monero	Cryptonight	220	$ 0.02	$ 0.54		$ -7.94
CPU	INTEL	I7-4770HQ			Mac Os X		XMR-STAK-CPU	47	Monero	Cryptonight	220	$ 0.02	$ 0.54		$ -3.66
CPU	INTEL	INTEL CORE I7-5775C			Windows 7 x64		MINERGATE	65	Monero	Cryptonight	221	$ 0.02	$ 0.54		$ -5.26
CPU	INTEL	INTEL CORE I7 4800MQ @ 2.70GHZ			Windows 10		XMR-STAK-CPU	47	Monero	Cryptonight	215	$ 0.02	$ 0.53		$ -3.67
CPU	INTEL	I5-6600K @ 4.2GHZ			Windows 7 x64		CLAYMORE CRYPTONOTE CPU MINER V3.5 BETA	91	Monero	Cryptonight	215	$ 0.02	$ 0.53		$ -7.59
CPU	INTEL	INTEL CORE I5-7500 CPU @ 3.40GHZ			Ubuntu 16.04		XMR-STAK-CPU	65	Monero	Cryptonight	210	$ 0.02	$ 0.52		$ -5.28
CPU	INTEL	INTEL CORE I7-4870HQ			Mac Os X		XMR-STAK-CPU git	47	Monero	Cryptonight	211	$ 0.02	$ 0.52		$ -3.68
CPU	INTEL	INTEL I7-7700HQ @2.8 GHZ			Windows 10		XMR-STAK-CPU	45	Monero	Cryptonight	211	$ 0.02	$ 0.52		$ -3.50
CPU	AMD	A10-6800K APU			Arch Linux		XMR-STAK-CPU	97	Monero	Cryptonight	198	$ 0.02	$ 0.49		$ -8.17
CPU	INTEL	Xeon E3-1220 V2 @ 3.10GHz			Debian 8		cpuminer-multi	69	Monero	Cryptonight	169	$ 0.01	$ 0.42		$ -5.74
CPU	INTEL	I7-2600 @ 3.40GHz			Debian 7		cpuminer-multi	95	Monero	Cryptonight	125	$ 0.01	$ 0.31		$ -8.17
CPU	INTEL	INTEL I7 5960X (stock)	4		Windows 10 pro		xmrcgpu.com	130	Auroracoin	Scrypt	814	$ 0.00	$ 0.00		$ -11.61
CPU	INTEL	Core i3 3220	3292	665	Windows 10 pro	CPU	Xanemine	20	Bitcoin	SHA-256	30000000	$ 0.00	$ 0.00	1.50	$ -1.79
CPU	AMD	AMD FX-6100			Windows 10		CLAYMORE CPU MINER	95	Bitcoin	SHA-256	220	$ 0.00	$ 0.00		$ -8.48
CPU	INTEL	INTEL I7-6700 (3.4GHZ-4.0GHZ)			Ubuntu 14.04		CPU-MINER	65	Bitcoin	SHA-256	230	$ 0.00	$ 0.00		$ -5.80
CPU	INTEL	INTEL CORE I7-3930K @ 4.2 GHZ			Windows 7 x64		WOLF CPUMINER	135	Bitcoin	SHA-256	330	$ 0.00	$ 0.00		$ -12.05
CPU	INTEL	INTEL XEON E5-2660 V0			Windows 7 x64		XMR-STAK-CPU // Idles at 69W but at 395+H/s from the wall pulls 137W.	137	Bitcoin	SHA-256	400	$ 0.00	$ 0.00		$ -12.23
NVIDIA	ASUS	3090 RTX Strix	1095	10702	Windows 10	461.40	T-rex 0.19.9 cuda 11.1	328	Ravencoin	KawPow	45970000	$ 30.38	$ 911.53	0.14	$ 882.25
NVIDIA	ASUS	RTX 3070					T-Rex 0.19.5	139	Ravencoin	KawPow	29000000	$ 19.17	$ 575.04	0.21	$ 562.63
NVIDIA	GIGABYTE	3070			Windows 10		T rex 0.20	94	Ravencoin	KawPow	25000000	$ 16.52	$ 495.72	0.27	$ 487.33
NVIDIA	ASUS	3090 RTX Strix	1095	10702	Windows 10	461.40	T-rex 0.19.9 cuda 11.1	327	Ethereum	Ethash	125250000	$ 15.66	$ 469.70	0.38	$ 440.51
NVIDIA	MSI	RTX 3090	1575	1100	Windows 10	456.38	nicehash	300	Ethereum	Ethash	118486000	$ 14.81	$ 444.33	0.39	$ 417.55
NVIDIA	GIGABYTE	Gigabyte Eagle 3080 OC 10 G	-300	1350	Windows 10	466.11	Nanominer	234	Ethereum	Ethash	99300000	$ 12.41	$ 372.38	0.42	$ 351.49
NVIDIA	NVIDIA	RTX 3080		2400			Hive OS miner21	230	Ethereum	Ethash	99000000	$ 12.38	$ 371.26	0.43	$ 350.73
NVIDIA	NVIDIA	Tesla V100 16GB HBM2	1530	877	Windows 10	385.54	BBT-multiminer	250	Ethereum	Ethash	94800000	$ 11.85	$ 355.51	0.38	$ 333.19
NVIDIA	PNY	Nvidia RTX A5000 16 gb		1750				230	Ethereum	Ethash	93600000	$ 11.70	$ 351.01	0.41	$ 330.48
NVIDIA	ASUS	3090 RTX Strix	1095	10702	Windows 10	461.40	T-rex 0.19.9 cuda 11.1	331	Verge	Scrypt	132850000	$ 9.92	$ 297.53	0.40	$ 267.98
NVIDIA	NVIDIA	GTX TITAN V 12GB HBM2 (Overclocked)	1335	972	Windows 10	388.59	Claymore	238	Ethereum	Ethash	79000000	$ 9.88	$ 296.26	0.33	$ 275.01
NVIDIA	NVIDIA	GTX TITAN V 12GB HBM2 (Stock)	1335	850	Windows 10	388.59	Claymore	213	Ethereum	Ethash	70000000	$ 8.75	$ 262.51	0.33	$ 243.49
NVIDIA	GIGABYTE	CMP 30HX	990	7700	Windows 10	470.05	T-Rex 0.20.3	87	Ravencoin	KawPow	12100000	$ 8.00	$ 239.93	0.14	$ 232.16
NVIDIA	ASUS	RTX 3070					Phoenix Miner 5.4C	125	Ethereum	Ethash	61300000	$ 7.66	$ 229.88	0.49	$ 218.72
NVIDIA	MSI	RTX 3060 Ti	1140	8000			T-rex Miner 0.19.9	150	Ethereum	Ethash	60000000	$ 7.50	$ 225.01	0.40	$ 211.62
NVIDIA	EVGA	1080 TI 11 GB	1700	5724	Windows 10	391.01	Claymore	275	Ethereum	Ethash	54000000	$ 6.75	$ 202.51	0.20	$ 177.96
NVIDIA	NVIDIA	GTX TITAN V 12GB HBM2	1477	972	Windows 10	388.59	Claymore	250	Verge	Scrypt	88770000	$ 6.63	$ 198.81	0.36	$ 176.49
NVIDIA	EVGA	1080 TI 11 GB			Windows 10		Claymore v11.6	275	Ethereum	Ethash	50000000	$ 6.25	$ 187.50	0.18	$ 162.95
NVIDIA	ASUS	3090 RTX Strix	1095	10702	Windows 10	461.40	T-rex 0.19.9 cuda 11.1	319	Ethereum Classic	Ethash	120600000	$ 5.16	$ 154.85	0.38	$ 126.37
NVIDIA	ASUS	3090 RTX Strix	1095	10702	Windows 10	461.40	T-rex 0.19.9 cuda 11.1	328	Vertcoin	Verthash	1830000	$ 4.99	$ 149.61		$ 120.33
NVIDIA	ZOTAC	Geforce RTX 2070			Windows 10			140	Ethereum	Ethash	38500000	$ 4.81	$ 144.38	0.28	$ 131.88
NVIDIA	EVGA	GeForce GTX 1080 TI FTW3	1974	5775	Windows 10	385.41	Claymore	185	Ethereum	Ethash	37360000	$ 4.67	$ 140.10	0.20	$ 123.58
NVIDIA	ZOTAC	GTX 1070 Ti AMP	1680	4800	Windows 10	388.13 / Afterburner 4.4.0 Beta 20	BBT-multiminer-v5.6.2	140	Ethereum	Ethash	34495000	$ 4.31	$ 129.36	0.25	$ 116.86
NVIDIA	AORUS	1080 Ti 11 Gb			Windows 10		Claymore v10.5	225	Ethereum	Ethash	4300000	$ 4.29	$ 128.63	0.15	$ 108.54
NVIDIA	MSI	1080 Ti gaming X 11g						333	Ethereum	Ethash	33775000	$ 4.22	$ 126.66	0.10	$ 96.93
NVIDIA	ZOTAC	GTX 1070 Ti AMP -60% power limit	1100	4600	Windows 10	388.13 / Afterburner 4.4.0 Beta 20	BBT-multiminer-v5.6.2	110	Ethereum	Ethash	32800000	$ 4.10	$ 123.00	0.30	$ 113.18
NVIDIA	MSI	MSI GeForce GTX 1660 SUPER VENTUS XS OC 6GB	1050	2300	Ubuntu	460.67	Hiveos 0.6-204@210608	63	Ethereum	Ethash	32700000	$ 4.09	$ 122.63	0.52	$ 117.01
NVIDIA	MSI	1070 TI 8GB	1645	4475	Windows 10	388.43	Claymore	250	Ethereum	Ethash	31900000	$ 3.99	$ 119.63	0.13	$ 97.31
NVIDIA	MSI	MSI GTX 1070 TI 8Gb GDDR5 (Micron)	1442	4452	Windows 10	388.71	Claymore	145	Ethereum	Ethash	31557000	$ 3.94	$ 118.34	0.22	$ 105.39
NVIDIA	MSI	GeForce GTX 1080 Ti	1480	1376	Windows 10			250	Ethereum	Ethash	31300000	$ 3.91	$ 117.38	0.13	$ 95.06
NVIDIA	GIGABYTE	CMP 30HX	990	7700	Windows 10	470.05	T-Rex 0.20.3	75	Ethereum	Ethash	31150000	$ 3.89	$ 116.82	0.42	$ 110.12
NVIDIA	MSI	GTX 1070 8GB	1873	4498	Windows 10	382.53	Claymore	349	Ethereum	Ethash	30800000	$ 3.85	$ 115.50		$ 84.34
NVIDIA	ASUS	GTX 1070 TI Optimized			Windows 10	388.13	Nicehash v2.0.1.3	180	Ethereum	Ethash	30672000	$ 3.83	$ 115.02	0.17	$ 98.95
NVIDIA	MSI	Geforce 1660 TI GDDR6	1550	6750	Windows 10		Claymore	90	Ethereum	Ethash	30300000	$ 3.79	$ 113.63	0.34	$ 105.59
NVIDIA	NVIDIA	Tesla V100 16GB HBM2	1530	877	Windows 10	385.54	CC-miner	250	Verge	Scrypt	48450000	$ 3.62	$ 108.51	0.19	$ 86.19
NVIDIA	NVIDIA	GeForce GTX 1070	1506	2002	Windows 10		Claymore	150	Ethereum	Ethash	27000000	$ 3.38	$ 101.25	0.18	$ 87.86
NVIDIA	ASUS	P-106 6GB	1850		Windows 10	38.7.5	Claymore	150	Ethereum	Ethash	25400000	$ 3.18	$ 95.25	0.17	$ 81.86
NVIDIA	ASUS	GTX 1070 TI (stock)			Windows 10	388.13	Nicehash v2.0.1.3	180	Ethereum	Ethash	24900000	$ 3.11	$ 93.38	0.14	$ 77.31
NVIDIA	ASUS	ROG GTX 1060 6Gb GDDR5 SAMSUNG Memory - Over Clocked & Under Volted	1860	4704	Windows 10	385.41	Claymore 9.8	150	Ethereum	Ethash	24500000	$ 3.06	$ 91.88	0.16	$ 78.49
NVIDIA	GIGABYTE	GeForce GTX 1060 3GB	1550	2002	Windows 10		Claymore 9.2	120	Ethereum	Ethash	24000000	$ 3.00	$ 90.00	0.20	$ 79.29
NVIDIA	NVIDIA	GeForce GTX 1080	1251	1607	Windows 10		ccMiner	180	Ethereum	Ethash	23000000	$ 2.88	$ 86.25	0.13	$ 70.18
NVIDIA	ZOTAC	ZOTAC GeForceÂ® GTX 1050 Ti Mini	1054	2227	Windows 10 pro	391.10	Claymore's Dual Ethereum Miner 11.0	56	Ethereum	Ethash	20000000	$ 2.50	$ 75.00	0.36	$ 70.00
NVIDIA	ZOTAC	ZOTAC GeForceÂ® GTX 1050 Ti Mini	1054	2227	Windows 10 pro	391.10	Claymore's Dual Ethereum Miner 11.0	56	Ethereum	Ethash	20000000	$ 2.50	$ 75.00	0.36	$ 70.00
NVIDIA	ASUS	ROG GTX 1060 6Gb GDDR5 SAMSUNG	2050	3898	Windows 10	385.41	Claymore	150	Ethereum	Ethash	19000000	$ 2.38	$ 71.25	0.13	$ 57.86
NVIDIA	NVIDIA	GeForce GTX 1060 6GB	1744	2002	Windows 10		Claymore	120	Ethereum	Ethash	19000000	$ 2.38	$ 71.25	0.16	$ 60.54
NVIDIA	NVIDIA	Tesla V100 16GB HBM2	1530	877	Windows 10	385.54	BBT-multiminer	250	Orbitcoin	Neoscrypt	2480000	$ 2.15	$ 64.47		$ 42.15
NVIDIA	EVGA	GeForce GTX 970	1050	1753	Arch Linux		Claymore	140	Ethereum	Ethash	16000000	$ 2.00	$ 60.00	0.11	$ 47.50
NVIDIA	NVIDIA	GeForce GTX 780Ti	875	1752	Windows 10		CUDAminer	250	Ethereum	Ethash	15000000	$ 1.88	$ 56.25		$ 33.93
NVIDIA	NVIDIA	GeForce GTX 1050 Ti 4GB	1291	1752	Windows 10		Claymore	75	Ethereum	Ethash	12000000	$ 1.50	$ 45.00	0.16	$ 38.30
NVIDIA	PNY	Quadro M4000 8GB			Windows 10		Claymore	300	Ethereum	Ethash	10000000	$ 1.25	$ 37.50		$ 10.72
NVIDIA	EVGA	GeForce GTX TITAN X	1000	1753	Windows 10		Nicehash v2.0.1.5	168	FlorinCoin	Scrypt	33000000	$ 0.67	$ 20.21	0.20	$ 5.21
NVIDIA	NVIDIA	MX150 (Laptop)			Windows 10		Nicehash v2.0	100	Ethereum	Ethash	5000000	$ 0.63	$ 18.75		$ 9.82
NVIDIA	NVIDIA	GeForce GTX 750Ti	1020	1350	Windows 10		Nicehash	60	Ethereum	Ethash	5000000	$ 0.63	$ 18.75		$ 13.39
NVIDIA	GIGABYTE	1080 TI 11 GB AORUS			Windows 10		STAK XMR Miner	146	Monero	Cryptonight	4700	$ 0.39	$ 11.57		$ -1.46
NVIDIA	MSI	Geforce 1080TI	2000	5600	Windows 7 Pro		www.xmrcgpu.com with large pages enabled	280	Monero	Cryptonight	4450	$ 0.37	$ 10.96		$ -14.04
NVIDIA	MSI	1070 TI 8GB	1645	4475	Windows 10	388.43	DSTM Zminer	250	Komodo	Equihash	518	$ 0.36	$ 10.72		$ -11.60
NVIDIA	ASUS	1080TI FTW3 11 GB DDR5	2000	5066	Windows 7 x64		XMRCGPU	300	Monero	Cryptonight	3950	$ 0.32	$ 9.73		$ -17.05
NVIDIA	GIGABYTE	GeForce GTX 1080	1900	5900	Windows 10 pro		www.xmrcgpu.com	180	Monero	Cryptonight	3370	$ 0.28	$ 8.30		$ -7.77
NVIDIA	EVGA	1080TI FTW3 11 GB DDR5	2000	5600	Windows 10		XMRMINER	308	Monero	Cryptonight	3150	$ 0.26	$ 7.76		$ -19.74
NVIDIA	ZOTAC	GTX 1070 Ti AMP	1680	4800	Windows 10	388.13 / Afterburner 4.4.0 Beta 20	BBT-multiminer-v5.6.2	140	DigiByte	Scrypt	4205000	$ 0.15	$ 4.54		$ -7.96
NVIDIA	NVIDIA	Tesla V100 16GB HBM2	1530	877	Windows 10	385.54	BBT-multiminer	250	Monero	Cryptonight	1670	$ 0.14	$ 4.11		$ -18.21
NVIDIA	NVIDIA	Tesla V100 16GB HBM2	1530	877	Windows 10	385.54	BBT-multiminer	250	Zcash	Equihash	950	$ 0.13	$ 3.79		$ -18.53
NVIDIA	NVIDIA	GTX TITAN V 12GB HBM2	1477	972	Windows 10	388.59	Claymore	248	Zcash	Equihash	863	$ 0.11	$ 3.45		$ -18.69
NVIDIA	ZOTAC	GTX 1080	2000	5215	Windows 10 pro	Afterburner	EWBF	250	Zcash	Equihash	631	$ 0.08	$ 2.52		$ -19.80
NVIDIA	ZOTAC	GTX 1070 Ti AMP	1680	4800	Windows 10	388.13 / Afterburner 4.4.0 Beta 20	BBT-multiminer-v5.6.2	200	Zcash	Equihash	577	$ 0.08	$ 2.30		$ -15.56
NVIDIA	ZOTAC	GTX 1070 Ti AMP	1680	4800	Windows 10	388.13 / Afterburner 4.4.0 Beta 20	BBT-multiminer-v5.6.2	145	Zcash	Equihash	540	$ 0.07	$ 2.16		$ -10.79
NVIDIA	NVIDIA	GTX 1080 8GB Pascal stock (-70V)	1657	4635	Windows 10	382.05	Claymore	170	Zcash	Equihash	517	$ 0.07	$ 2.06		$ -13.12
NVIDIA	MSI	1070 TI 8GB	1645	4475	Windows 10	388.43	EWBF 0.3.4b Cuda miner	250	Zcash	Equihash	500	$ 0.07	$ 2.00		$ -20.32
NVIDIA	MSI	GTX 1070 TI 8Gb GDDR5 (Micron)	1720	4400	Windows 10	388.71	Zhash	145	Zcash	Equihash	500	$ 0.07	$ 2.00		$ -10.95
NVIDIA	ZOTAC	GTX 1070 Ti AMP	2060	4700	Windows 10	388.13 / Afterburner 4.4.0 Beta 20	BBT-multiminer-v5.6.2	140	Monero	Cryptonight	795	$ 0.07	$ 1.96		$ -10.54
NVIDIA	ZOTAC	GTX 1070 Ti AMP	1600	4600	Windows 10	388.13 / Afterburner 4.4.0 Beta 20	BBT-multiminer-v5.6.2	116	Zcash	Equihash	480	$ 0.06	$ 1.92		$ -8.44
NVIDIA	GIGABYTE	Geforce 1080 G1			Windows 7 x64			126	Zcash	Equihash	465	$ 0.06	$ 1.86		$ -9.39
NVIDIA	MSI	GAMING 1070 Ti	1582	3802	Ubuntu 17.04	387.22	ewbf 0.3.4b	111	Zcash	Equihash	458	$ 0.06	$ 1.83		$ -8.08
NVIDIA	ASUS	GTX 1070 TI Optimized			Windows 10	388.13	Nicehash v2.0.1.3	180	Monero	Cryptonight	722	$ 0.06	$ 1.78		$ -14.29
NVIDIA	ZOTAC	ZOTAC AMP 1070			Windows 10		EXCAVATOR 1.1.4A	120	Zcash	Equihash	437	$ 0.06	$ 1.75		$ -8.96
NVIDIA	ASUS	GeForce 1070 GTX	1185	4608	Windows 10	378.78	CCminer	200	Monero	Cryptonight	708	$ 0.06	$ 1.74		$ -16.12
NVIDIA	ASUS	GTX 980 TI Asus strix	1215	3304	Windows 10	382.05	Claymore	235	Zcash	Equihash	430	$ 0.06	$ 1.72		$ -19.26
NVIDIA	MSI	MSI GTX 1070 GAMING Z			Windows 10		NICEHASHMINER_V1.7.5.9	120	Zcash	Equihash	421	$ 0.06	$ 1.68		$ -9.03
NVIDIA	ZOTAC	GTX 980 TI 6GB	1050	1750	Windows 10	382.05	Nicehash v1.1.4a	220	Zcash	Equihash	390	$ 0.05	$ 1.56		$ -18.08
NVIDIA	ASUS	GTX 1070 TI stock			Windows 10	388.13	Nicehash v2.0.1.3	180	Monero	Cryptonight	616	$ 0.05	$ 1.52		$ -14.55
NVIDIA	NVIDIA	Tesla V100 16GB HBM2	1530	877	Windows 10	385.54	BBT-multiminer	250	LBRY Credits	Lbry	769000000	$ 0.05	$ 1.51	3.08	$ -20.81
NVIDIA	EVGA	EVGA GTX 980 4GB SUPERCLOCKED	1442	3903	Windows 10	388.00	EWBF Zcash cuda miner 0.3.4b	200	Zcash	Equihash	358	$ 0.05	$ 1.43		$ -16.43
NVIDIA	ASUS	ROG GTX 1060 6Gb GDDR5 SAMSUNG Memory - Over Clocked	2164	4704	Windows 10	385.41	EWBF 0.3.4b	150	Zcash	Equihash	352	$ 0.05	$ 1.41		$ -11.98
NVIDIA	EVGA	EVGA GTX 1060 6GB SSC			Windows 10		EWBF 0.3.3B	151	Zcash	Equihash	345	$ 0.05	$ 1.38		$ -12.10
NVIDIA	MSI	MSI GEFORCE 980 TI	1250	7010	Windows 10 pro		NICEHASH GUI	190	Zcash	Equihash	335	$ 0.04	$ 1.34		$ -15.62
NVIDIA	ASUS	ROG GTX 1060 6Gb GDDR5 SAMSUNG	2050	3898	Windows 10	385.41	Claymore	150	Zcash	Equihash	317	$ 0.04	$ 1.27		$ -12.12
NVIDIA	AMD	EVGA GTX 1060 6GB SSC			Windows 10		EWBF 0.3.3B	95	Zcash	Equihash	315	$ 0.04	$ 1.26		$ -7.22
NVIDIA	EVGA	EVGA GTX 1060 6GB SSC			Windows 10		EWBF 0.3.3B	106	Zcash	Equihash	297	$ 0.04	$ 1.19		$ -8.27
NVIDIA	NVIDIA	Tesla V100 16GB HBM2	1530	877	Windows 10	385.54	BBT-multiminer	250	Decred	Blake-256	6500000000	$ 0.04	$ 1.11	26.00	$ -21.21
NVIDIA	ASUS	ROG GTX 1060 6Gb GDDR5 SAMSUNG	2050	3898	Windows 10	385.41	Xmr-Miner 0.2.1	150	Monero	Cryptonight	445	$ 0.04	$ 1.10		$ -12.29
NVIDIA	GIGABYTE	GT 1030 2GB			Windows 10		Claymore	50	Zcash	Equihash	250	$ 0.03	$ 1.00		$ -3.46
NVIDIA	PNY	PNY QUADRO M4000 8GB			Windows 10			70	Monero	Cryptonight	250	$ 0.02	$ 0.62		$ -5.63
NVIDIA	PNY	PNY 1050 TI	1797	7000	Windows 7 x64		NICEHASH GUI	75	Zcash	Equihash	138	$ 0.02	$ 0.55		$ -6.15
NVIDIA	EVGA	EVGA GEFORCE 750 TI			Windows 7 x64		NICEHASH GUI	65	Zcash	Equihash	72	$ 0.01	$ 0.29		$ -5.51
NVIDIA	MSI	1070 TI 8GB	1645	4475	Windows 10	388.43	DSTM Zminer	250	Pascal Coin	Pascal	583000000	$ 0.01	$ 0.16	2.33	$ -22.16
NVIDIA	GIGABYTE	GTX 1050 TI 4Gb	1810	3561	Unbuntu 15.04	5.X.X	Bitminer 7.X	50	Pascal Coin	Pascal	332000000	$ 0.00	$ 0.09	6.64	$ -4.37
NVIDIA	GIGABYTE	RX 550	1250	1825	Windows 10		Claymore	50	Decred	Blake-256	500000000	$ 0.00	$ 0.09	10.00	$ -4.37
NVIDIA	ASUS	ROG GTX 1060 6Gb	2050	3898	Windows 10	385.41		122	Pascal Coin	Pascal	177000000	$ 0.00	$ 0.05	1.45	$ -10.84
NVIDIA	GIGABYTE	GT 1030 2GB			Windows 10		Claymore	50	Decred	Blake-256	146000000	$ 0.00	$ 0.02	2.92	$ -4.44
NVIDIA	GIGABYTE	RX 550	1250	1825	Windows 10		Claymore	50	Pascal Coin	Pascal	563	$ 0.00	$ 0.00		$ -4.46
NVIDIA	GIGABYTE	RX 550	1250	1825	Windows 10		Claymore	50	LBRY Credits	Lbry	257	$ 0.00	$ 0.00		$ -4.46
NVIDIA	GIGABYTE	GT 1030 2GB			Windows 10		Claymore	50	LBRY Credits	Lbry	108	$ 0.00	$ 0.00		$ -4.46
NVIDIA	GIGABYTE	GT 1030 2GB			Windows 10		Claymore	50	Pascal Coin	Pascal	304	$ 0.00	$ 0.00		$ -4.46
NVIDIA	EVGA	GTX 1070 TI 8Gb	1683	4498	Windows 10	388.13	excavator	220	Ethereum	Ethash	28	$ 0.00	$ 0.00		$ -19.64
NVIDIA	ZOTAC	GTX 1070 Ti AMP	2060	4700	Windows 10	388.13 / Afterburner 4.4.0 Beta 20	BBT-multiminer-v5.6.2	140	LBRY Credits	Lbry	795	$ 0.00	$ 0.00		$ -12.50
NVIDIA	ZOTAC	GTX 1070 Ti AMP	1680	4800	Windows 10	388.13 / Afterburner 4.4.0 Beta 20	BBT-multiminer-v5.6.2	190	Siacoin	Blake-256	1900	$ 0.00	$ 0.00		$ -16.96
RIGS	NVIDIA	13x ASUS GTX 1080 Ti			Windows 10		Claymore v10	1158	Ethereum	Ethash	464000000	$ 58.00	$ 1740.05	0.40	$ 1636.66
RIGS	PANDAMINER	B1 Plus						1250	Ethereum	Ethash	237000000	$ 29.63	$ 888.77	0.19	$ 777.17
RIGS	PANDAMINER	B3 Plus						1250	Ethereum	Ethash	220000000	$ 27.50	$ 825.02	0.18	$ 713.42
RIGS	SAPPHIRE	6x RX570 Sapphire Nitro+ OC	1100	1900	Windows 10		Claymore 11.7	750	Ethereum	Ethash	176000000	$ 22.00	$ 660.02	0.23	$ 593.06
RIGS	NVIDIA	Rig 6 x 1070 GTX EThereum, Zcash						166	Ethereum	Ethash	172000000	$ 21.50	$ 645.02	1.04	$ 630.20
RIGS	PANDAMINER	B5 Plus						800	Ethereum	Ethash	110000000	$ 13.75	$ 412.51	0.14	$ 341.09
RIGS	POWERCOLOR	2x Red Devil RX 570 8GB	1112	2040	Ubuntu 16.04	AMDGPU Pro 17.50	Claymore 17.3	301	Ethereum	Ethash	58300000	$ 7.29	$ 218.63	0.19	$ 191.76
RIGS	ASUS	8x Vega RX64 REFERENT			Windows 7 x64	up-to-date	Cast XMR 0.9.2 or XMRCGPU with Win-speed.com OS tuneup	1320	Monero	Cryptonight	16720	$ 1.37	$ 41.17		$ -76.68
RIGS	AMD	12 x Sapphire RX580 Nitro+ intensity 105, undervolt 980	1330	2190	Windows 10	Adrenalin 18.6.1	SRBMiner	1777	Monero	Cryptonight	12615	$ 1.04	$ 31.06		$ -127.59
RIGS	AMD	12 x Sapphire RX580 Nitro+	1330	2190	Windows 10	Adrenalin 18.6.1	SRBMiner	1777	Monero	Cryptonight	12615	$ 1.04	$ 31.06		$ -127.59
RIGS	AMD	6X SAPPHIRE VEGA 64 BLACK EDITION			Windows 10	XMR-STAK-AMD		1250	Monero	Cryptonight	11000	$ 0.90	$ 27.08		$ -84.52
RIGS	MSI	10X RX 580 ARMOR OC 8GB						1500	Monero	Cryptonight	7380	$ 0.61	$ 18.17		$ -115.75
RIGS	POWERCOLR	4X POWERCOLOR RX VEGA 64			Windows 10		XMR-STAK-AMD	720	Monero	Cryptonight	6700	$ 0.55	$ 16.50		$ -47.78
RIGS	SAPPHIRE	7 X SAPPHIRE RX 570 PULSE			Ubuntu 16.04		XMR-STAK-AMD	770	Monero	Cryptonight	5930	$ 0.49	$ 14.60		$ -54.15
RIGS	AMD	3X RX VEGA 56 8GB (MSI, XFX, SAPPHIRE)			Windows 10		XMR-STAK-AMD	540	Monero	Cryptonight	5506	$ 0.45	$ 13.56		$ -34.65
RIGS	AMD	3X VEGA 56			Windows 10		XMR-STAK-AMD	570	Monero	Cryptonight	5420	$ 0.44	$ 13.34		$ -37.55
RIGS	AMD	XMR-STAK-AMD			Windows 10		3X VEGA56	550	Monero	Cryptonight	5100	$ 0.42	$ 12.56		$ -36.54
RIGS	AMD	2X RX VEGA 64 LIQUID			Windows 10		XMR-STAK-AMD	320	Monero	Cryptonight	3980	$ 0.33	$ 9.80		$ -18.77
RIGS	AMD	2X VEGA 56			Windows 10		XMR-STAK-AMD	400	Monero	Cryptonight	3700	$ 0.30	$ 9.11		$ -26.60
RIGS	ASUS	6X RX 570 ASUS STRIX OC 4GB			Windows 10 pro		Claymore 9.7	830	Monero	Cryptonight	3447	$ 0.28	$ 8.49		$ -65.61
RIGS	AMD	RX580 8GB + RX580 4GB + RX 470 4GB			Windows 10		WOLF'S XMR MINER	300	Monero	Cryptonight	2320	$ 0.19	$ 5.71		$ -21.07
RIGS	POWERCOLOR	DEVIL13 2X R9 390			Windows 7 x64		CLAYMORE'S AMD GPU MINER V12.3	500	Zcash	Equihash	820	$ 0.11	$ 3.27		$ -41.37O
